1,7,17,20,22,30,65,69,113,114,115,120,123,128,132,139,140,149,165,179,180,187,218,219,240,256,259,270,276,281,291,323,351,365,374,393,414,426,427,436,466,474,493,517,528,546,563,565,580,584,592,622,642,653,667,670,688,689,693,721,726,770,781,788,794,797,800,808,820,846,927,992,993,996,1008,1015,1017,1022,1039,1068,1084,1101,1122,1123,1172,1176,1193,1196,1205,1219,1221,1222,1227,1236,1249,1259,1267,1271,1277,1281,1282,1302,1312,1329,1332,1341,1347,1357,CLASSE
129.0,1936.0,10.0,10.0,10.0,17.0,10.0,45.0,10.0,10.0,21.0,10.0,10.0,10.0,10.0,29.0,298.0,10.0,72.0,15.0,10.0,10.0,360.0,10.0,26.0,10.0,40.0,60.0,26.0,10.0,10.0,10.0,86.0,32.0,10.0,61.0,74.0,18.0,10.0,95.0,10.0,26.0,10.0,10.0,10.0,10.0,10.0,14.0,10.0,10.0,47.0,106.0,10.0,26.0,10.0,14.0,1614.0,74.0,10.0,10.0,62.0,10.0,10.0,10.0,10.0,71.0,10.0,110.0,66.0,57.0,26.0,12.0,58.0,10.0,228.0,22.0,10.0,46.0,40.0,10.0,10.0,10.0,10.0,111.0,10.0,1601.0,43.0,10.0,10.0,336.0,52.0,200.0,10.0,81.0,10.0,136.0,10.0,14.0,10.0,127.0,36.0,50.0,10.0,166.0,10.0,158.0,10.0,85.0,6
149.0,157.0,171.0,10.0,144.0,10.0,10.0,1245.0,78.0,10.0,47.0,10.0,54.0,1262.0,3215.0,10.0,10.0,10.0,743.0,418.0,10.0,10.0,16.0,10.0,10.0,10.0,1598.0,146.0,45.0,798.0,15.0,10.0,755.0,2668.0,10.0,10.0,1585.0,10.0,10.0,10.0,25.0,10.0,10.0,10.0,23.0,10.0,10.0,75.0,10.0,28.0,10.0,10.0,39.0,10.0,10.0,18.0,43.0,10.0,10.0,10.0,10.0,10.0,10.0,10.0,10.0,10.0,10.0,10.0,18.0,50.0,31.0,16.0,66.0,10.0,10.0,10.0,158.0,10.0,10.0,24.0,55.0,10.0,10.0,10.0,10.0,49.0,11.0,131.0,13.0,32.0,10.0,10.0,10.0,10.0,10.0,10.0,10.0,10.0,10.0,10.0,34.0,10.0,18.0,11.0,10.0,10.0,10.0,10.0,4
57.0,40.0,30.0,29.0,10.0,46.0,10.0,10.0,33.0,10.0,1010.0,10.0,10.0,10.0,49.0,10.0,10.0,81.0,49.0,10.0,102.0,58.0,10.0,134.0,10.0,120.0,10.0,427.0,10.0,10.0,10.0,10.0,10.0,10.0,10.0,10.0,10.0,10.0,32.0,10.0,632.0,10.0,10.0,10.0,10.0,10.0,101.0,10.0,174.0,96.0,10.0,10.0,10.0,342.0,107.0,1650.0,10.0,30.0,424.0,10.0,1536.0,51.0,61.0,10.0,10.0,10.0,10.0,10.0,225.0,10.0,20.0,10.0,10.0,10.0,10.0,40.0,10.0,92.0,10.0,10.0,10.0,27.0,10.0,10.0,10.0,121.0,107.0,1004.0,10.0,119.0,212.0,71.0,10.0,10.0,1098.0,42.0,10.0,10.0,52.0,10.0,12.0,2593.0,10.0,10.0,35.0,10.0,10.0,212.0,9
10.0,10.0,10.0,120.0,628.0,50.0,10.0,10.0,191.0,10.0,128.0,10.0,25.0,37.0,40.0,10.0,1145.0,10.0,857.0,10.0,6261.0,4422.0,692.0,10.0,10.0,43.0,55.0,6843.0,22.0,10.0,453.0,10.0,10.0,10.0,825.0,83.0,32.0,10.0,10.0,40.0,5763.0,10.0,4997.0,10.0,10.0,10.0,110.0,10.0,10.0,298.0,10.0,358.0,10.0,394.0,17.0,1579.0,10.0,252.0,699.0,294.0,1656.0,61.0,1079.0,10.0,10.0,10.0,10.0,2955.0,118.0,468.0,10.0,39.0,72.0,42.0,10.0,14.0,10.0,42.0,10.0,10.0,10.0,10.0,538.0,10.0,10.0,400.0,235.0,94.0,10.0,10.0,74.0,135.0,110.0,58.0,2126.0,10.0,10.0,10.0,104.0,10.0,10.0,154.0,171.0,49.0,1458.0,10.0,10.0,26.0,9
10.0,116.0,10.0,10.0,10.0,10.0,10.0,93.0,80.0,10.0,64.0,98.0,1784.0,10.0,50.0,15.0,10.0,38.0,10.0,10.0,10.0,10.0,10.0,44.0,10.0,10.0,25.0,10.0,70.0,10.0,90.0,407.0,16.0,10.0,10.0,64.0,38.0,2270.0,35.0,10.0,44.0,10.0,10.0,10.0,10.0,561.0,18.0,10.0,10.0,10.0,10.0,277.0,10.0,143.0,137.0,10.0,6149.0,10.0,10.0,10.0,113.0,10.0,443.0,10.0,10.0,10.0,10.0,10.0,10.0,10.0,575.0,135.0,23.0,10.0,10.0,10.0,10.0,10.0,10.0,10.0,97.0,50.0,10.0,10.0,708.0,84.0,379.0,1349.0,668.0,489.0,160.0,192.0,10.0,192.0,77.0,71.0,10.0,10.0,39.0,10.0,10.0,348.0,117.0,153.0,53.0,111.0,69.0,74.0,2
10.0,10.0,897.0,28.0,10.0,66.0,10.0,337.0,201.0,10.0,10.0,10.0,14052.0,13.0,160.0,63.0,10.0,10.0,10.0,168.0,199.0,10.0,125.0,10.0,113.0,53.0,10.0,10.0,168.0,10.0,10.0,10.0,410.0,99.0,10.0,68.0,10.0,10385.0,10.0,10.0,10.0,15.0,10.0,10.0,10.0,46.0,10.0,47.0,10.0,10.0,55.0,10.0,10.0,10.0,10.0,10.0,463.0,138.0,19.0,10.0,10.0,10.0,83.0,10.0,10.0,87.0,10.0,10.0,10.0,10.0,10.0,125.0,48.0,63.0,196.0,10.0,103.0,18.0,149.0,10.0,28.0,10.0,46.0,10.0,42.0,352.0,25.0,53.0,31.0,77.0,134.0,80.0,10.0,10.0,10.0,10.0,10.0,328.0,10.0,10.0,10.0,37.0,10.0,412.0,10.0,216.0,348.0,353.0,2
10.0,127.0,10.0,10.0,77.0,17.0,10.0,1625.0,10.0,127.0,21.0,10.0,52.0,10.0,16.0,56.0,10.0,78.0,131.0,10.0,1384.0,557.0,10.0,10.0,53.0,10.0,540.0,1924.0,22.0,10.0,21.0,10.0,719.0,131.0,114.0,25.0,104.0,10.0,82.0,10.0,608.0,10.0,10.0,10.0,11.0,11.0,389.0,10.0,10.0,156.0,286.0,10.0,72.0,36.0,22.0,990.0,23.0,10.0,574.0,468.0,772.0,29.0,1818.0,115.0,10.0,10.0,10.0,152.0,112.0,10.0,23.0,13.0,737.0,121.0,10.0,10.0,10.0,10.0,10.0,31.0,10.0,10.0,98.0,33.0,10.0,164.0,18.0,330.0,92.0,10.0,10.0,110.0,10.0,10.0,111.0,50.0,10.0,10.0,102.0,10.0,61.0,359.0,52.0,164.0,10.0,10.0,10.0,10.0,5
54.0,540.0,124.0,10.0,10.0,18.0,22.0,3603.0,10.0,10.0,71.0,54.0,36.0,10.0,17.0,51.0,70.0,10.0,53.0,10.0,64.0,10.0,10.0,57.0,16.0,63.0,29.0,19.0,15.0,46.0,10.0,10.0,3483.0,10.0,10.0,10.0,103.0,10.0,10.0,10.0,10.0,10.0,106.0,10.0,65.0,202.0,10.0,10.0,10.0,10.0,10.0,10.0,97.0,10.0,10.0,44.0,10.0,10.0,10.0,10.0,17.0,10.0,52.0,10.0,185.0,10.0,10.0,10.0,10.0,10.0,11.0,10.0,20.0,10.0,41.0,10.0,60.0,10.0,10.0,10.0,10.0,10.0,10.0,10.0,10.0,10.0,10.0,73.0,98.0,10.0,90.0,14.0,10.0,10.0,10.0,10.0,72.0,10.0,10.0,10.0,34.0,39.0,10.0,43.0,10.0,10.0,62.0,10.0,3
18.0,124.0,10.0,54.0,10.0,52.0,10.0,384.0,17.0,10.0,52.0,10.0,68.0,11.0,10.0,17.0,10.0,10.0,10.0,10.0,35.0,10.0,14.0,10.0,78.0,10.0,33.0,14.0,10.0,10.0,10.0,10.0,470.0,75.0,10.0,71.0,10.0,10.0,10.0,10.0,10.0,10.0,592.0,10.0,10.0,10.0,10.0,10.0,105.0,10.0,10.0,10.0,55.0,10.0,10.0,10.0,18.0,39.0,10.0,10.0,10.0,29.0,61.0,10.0,10.0,10.0,32.0,10.0,10.0,60.0,10.0,10.0,10.0,10.0,10.0,10.0,10.0,46.0,10.0,10.0,10.0,10.0,116.0,47.0,52.0,374.0,10.0,42.0,26.0,10.0,58.0,45.0,10.0,15.0,10.0,10.0,78.0,79.0,53.0,10.0,19.0,11.0,10.0,10.0,22.0,62.0,131.0,10.0,8
10.0,10.0,10.0,10.0,10.0,37.0,10.0,10.0,787.0,14.0,165.0,10.0,50.0,17.0,88.0,10.0,10.0,10.0,10.0,354.0,112.0,73.0,10.0,10.0,10.0,10.0,10.0,228.0,11.0,10.0,10.0,10.0,10.0,39.0,10.0,10.0,127.0,10.0,10.0,10.0,10.0,12.0,10.0,10.0,10.0,10.0,10.0,10.0,10.0,73.0,10.0,10.0,10.0,10.0,34.0,65.0,87.0,10.0,19.0,10.0,10.0,10.0,167.0,10.0,10.0,10.0,10.0,10.0,10.0,10.0,10.0,10.0,10.0,10.0,10.0,10.0,10.0,10.0,10.0,10.0,10.0,10.0,10.0,10.0,10.0,56.0,10.0,41.0,10.0,10.0,148.0,74.0,10.0,10.0,10.0,10.0,10.0,10.0,43.0,10.0,31.0,186.0,10.0,73.0,31.0,10.0,10.0,10.0,10
482.0,38.0,10.0,10.0,10.0,31.0,10.0,214.0,31.0,10.0,40.0,10.0,23.0,10.0,21.0,10.0,29.0,30.0,10.0,12.0,382.0,159.0,10.0,10.0,52.0,190.0,65.0,1023.0,10.0,10.0,10.0,76.0,19.0,23.0,10.0,10.0,10.0,10.0,10.0,10.0,229.0,10.0,4981.0,10.0,10.0,10.0,220.0,10.0,10.0,140.0,10.0,748.0,10.0,10.0,10.0,240.0,10.0,10.0,400.0,554.0,391.0,10.0,6922.0,10.0,101.0,379.0,10.0,9529.0,40.0,10.0,10.0,10.0,826.0,132.0,10.0,64.0,10.0,46.0,246.0,10.0,10.0,10.0,47.0,43.0,68.0,336.0,263.0,98.0,32.0,64.0,122.0,67.0,10.0,53.0,25.0,10.0,10.0,10.0,84.0,10.0,10.0,157.0,159.0,115.0,153.0,10.0,273.0,81.0,5
91.0,256.0,10.0,60.0,31.0,14.0,10.0,890.0,51.0,10.0,10.0,10.0,19.0,2042.0,259.0,13.0,10.0,89.0,27.0,10.0,10.0,10.0,12.0,43.0,10.0,10.0,19.0,55.0,10.0,96.0,10.0,10.0,334.0,890.0,10.0,10.0,237.0,10.0,52.0,61.0,23.0,10.0,397.0,10.0,10.0,57.0,10.0,10.0,49.0,10.0,10.0,10.0,10.0,10.0,10.0,10.0,113.0,10.0,10.0,45.0,30.0,10.0,45.0,10.0,10.0,66.0,31.0,10.0,32.0,10.0,10.0,40.0,10.0,33.0,38.0,16.0,1221.0,10.0,10.0,10.0,10.0,10.0,10.0,10.0,48.0,10.0,10.0,52.0,10.0,35.0,14.0,10.0,10.0,10.0,10.0,10.0,20.0,10.0,12.0,10.0,46.0,10.0,10.0,10.0,10.0,10.0,10.0,15.0,4
145.0,434.0,464.0,40.0,238.0,116.0,10.0,1497.0,134.0,10.0,12.0,10.0,54.0,37.0,46.0,10.0,10.0,58.0,678.0,10.0,10.0,43.0,163.0,10.0,114.0,49.0,17.0,10.0,162.0,17.0,10.0,10.0,2667.0,75.0,10.0,67.0,676.0,10.0,63.0,1579.0,10.0,636.0,10.0,10.0,10.0,71.0,30.0,10.0,10.0,27.0,100.0,10.0,10.0,149.0,10.0,10.0,10.0,244.0,10.0,10.0,24.0,10.0,10.0,10.0,10.0,257.0,11.0,10.0,10.0,10.0,10.0,160.0,10.0,63.0,313.0,10.0,156.0,38.0,306.0,21.0,153.0,10.0,10.0,10.0,913.0,10.0,10.0,180.0,12.0,127.0,80.0,24.0,10.0,10.0,10.0,10.0,10.0,274.0,10.0,125.0,33.0,94.0,10.0,340.0,38.0,180.0,10.0,10.0,8
313.0,697.0,1335.0,10.0,10.0,65.0,10.0,786.0,1660.0,153.0,10.0,10.0,16000.0,10.0,5277.0,10.0,10.0,10.0,10.0,518.0,177.0,48.0,175.0,167.0,376.0,182.0,10.0,90.0,2456.0,10.0,10.0,10.0,10.0,207.0,10.0,207.0,91.0,16000.0,561.0,93.0,10.0,90.0,10.0,10.0,10.0,10.0,10.0,10.0,10.0,379.0,381.0,10.0,427.0,10.0,75.0,10.0,4837.0,10.0,13.0,10.0,10.0,27.0,10.0,10.0,10.0,262.0,10.0,10.0,10.0,252.0,283.0,496.0,59.0,42.0,10.0,10.0,10.0,58.0,10.0,65.0,10.0,10.0,10.0,10.0,3640.0,516.0,87.0,337.0,441.0,362.0,10.0,126.0,10.0,319.0,89.0,10.0,10.0,289.0,19.0,10.0,20.0,284.0,32.0,841.0,20.0,295.0,121.0,1233.0,2
10.0,10.0,10.0,22.0,10.0,19.0,10.0,154.0,14.0,10.0,77.0,10.0,86.0,12.0,10.0,45.0,10.0,10.0,235.0,10.0,21.0,10.0,10.0,10.0,10.0,10.0,82.0,152.0,60.0,13.0,10.0,10.0,858.0,10.0,10.0,23.0,163.0,10.0,57.0,10.0,32.0,10.0,10.0,10.0,10.0,10.0,10.0,69.0,13.0,10.0,10.0,10.0,147.0,10.0,10.0,27.0,96.0,10.0,10.0,10.0,10.0,10.0,10.0,10.0,10.0,10.0,10.0,10.0,10.0,10.0,21.0,10.0,10.0,10.0,10.0,10.0,10.0,10.0,10.0,10.0,10.0,10.0,10.0,10.0,10.0,10.0,10.0,10.0,44.0,10.0,10.0,17.0,10.0,10.0,10.0,10.0,10.0,10.0,10.0,10.0,10.0,10.0,10.0,10.0,15.0,10.0,10.0,43.0,3
183.0,180.0,10.0,56.0,43.0,10.0,10.0,653.0,10.0,10.0,96.0,10.0,10.0,14.0,10.0,47.0,76.0,10.0,112.0,18.0,174.0,73.0,117.0,10.0,62.0,26.0,316.0,166.0,10.0,10.0,10.0,10.0,934.0,39.0,10.0,10.0,88.0,13.0,71.0,10.0,26.0,10.0,1027.0,34.0,10.0,10.0,39.0,46.0,10.0,140.0,11.0,10.0,10.0,10.0,10.0,96.0,71.0,101.0,120.0,10.0,72.0,10.0,384.0,10.0,10.0,311.0,10.0,10.0,10.0,10.0,254.0,10.0,207.0,78.0,10.0,24.0,10.0,95.0,167.0,14.0,10.0,107.0,109.0,10.0,27.0,311.0,35.0,58.0,84.0,41.0,53.0,837.0,10.0,28.0,10.0,207.0,87.0,335.0,10.0,97.0,30.0,114.0,10.0,167.0,56.0,33.0,177.0,40.0,6
10.0,10.0,10.0,10.0,17.0,18.0,10.0,335.0,10.0,10.0,20.0,10.0,13.0,10.0,33.0,10.0,10.0,10.0,40.0,10.0,570.0,666.0,10.0,10.0,10.0,43.0,142.0,2535.0,10.0,10.0,10.0,24.0,10.0,23.0,10.0,10.0,10.0,10.0,10.0,10.0,296.0,20.0,10.0,10.0,10.0,10.0,107.0,24.0,10.0,10.0,59.0,10.0,18.0,10.0,16.0,319.0,10.0,10.0,35.0,125.0,157.0,10.0,7974.0,10.0,10.0,10.0,10.0,3547.0,10.0,10.0,10.0,33.0,615.0,10.0,10.0,10.0,10.0,10.0,10.0,38.0,10.0,10.0,10.0,10.0,52.0,71.0,23.0,124.0,10.0,278.0,10.0,10.0,10.0,10.0,10.0,10.0,10.0,10.0,10.0,10.0,58.0,235.0,24.0,61.0,58.0,10.0,180.0,54.0,5
655.0,26.0,10.0,10.0,10.0,16.0,11.0,917.0,49.0,15.0,10.0,10.0,10.0,10.0,10.0,10.0,10.0,88.0,31.0,10.0,2447.0,674.0,10.0,10.0,10.0,10.0,66.0,4265.0,14.0,10.0,32.0,10.0,10.0,41.0,46.0,10.0,59.0,12.0,10.0,10.0,547.0,10.0,10.0,10.0,88.0,10.0,65.0,10.0,10.0,32.0,10.0,10.0,10.0,10.0,159.0,302.0,110.0,10.0,1040.0,166.0,291.0,10.0,3490.0,10.0,10.0,10.0,10.0,3747.0,10.0,10.0,10.0,10.0,303.0,127.0,10.0,61.0,10.0,27.0,10.0,31.0,10.0,10.0,455.0,126.0,157.0,208.0,60.0,77.0,10.0,120.0,10.0,159.0,10.0,60.0,76.0,10.0,10.0,10.0,45.0,10.0,43.0,77.0,102.0,63.0,81.0,10.0,10.0,10.0,5
444.0,6031.0,2046.0,10.0,10.0,18.0,10.0,159.0,845.0,91.0,10.0,10.0,16000.0,10.0,1045.0,10.0,10.0,10.0,10.0,91.0,63.0,10.0,42.0,324.0,90.0,120.0,10.0,78.0,2290.0,10.0,10.0,10.0,243.0,111.0,10.0,71.0,138.0,16000.0,155.0,10.0,10.0,31.0,10.0,10.0,10.0,10.0,10.0,10.0,62.0,342.0,83.0,69.0,204.0,10.0,265.0,35.0,4582.0,52.0,10.0,219.0,91.0,135.0,10.0,10.0,10.0,296.0,10.0,10.0,10.0,389.0,751.0,10.0,10.0,158.0,449.0,10.0,10.0,10.0,10.0,96.0,295.0,10.0,10.0,99.0,3422.0,845.0,351.0,181.0,718.0,81.0,39.0,377.0,10.0,498.0,162.0,10.0,10.0,654.0,63.0,23.0,23.0,232.0,45.0,823.0,10.0,396.0,127.0,1837.0,2
10.0,69.0,10.0,10.0,10.0,357.0,10.0,114.0,115.0,10.0,133.0,158.0,66.0,55.0,10.0,10.0,444.0,10.0,10.0,10.0,10.0,10.0,74.0,145.0,110.0,10.0,10.0,145.0,237.0,10.0,121.0,1370.0,10.0,73.0,1029.0,10.0,15.0,10.0,84.0,10.0,109.0,161.0,10.0,10.0,10.0,10.0,10.0,113.0,10.0,2441.0,1476.0,1005.0,464.0,1795.0,10.0,4133.0,10.0,10.0,10.0,972.0,1358.0,301.0,10.0,2561.0,10.0,832.0,10.0,10.0,1068.0,93.0,16000.0,10.0,10.0,10.0,10.0,1470.0,10.0,1234.0,547.0,265.0,1402.0,1883.0,10.0,72.0,46.0,10514.0,1861.0,6844.0,1778.0,530.0,2547.0,5754.0,852.0,2917.0,1013.0,10.0,10.0,646.0,2888.0,2826.0,7337.0,1222.0,123.0,9615.0,4941.0,92.0,1987.0,219.0,14
244.0,2645.0,92.0,10.0,18.0,10.0,10.0,189.0,45.0,10.0,10.0,10.0,33.0,10.0,100.0,10.0,10.0,107.0,10.0,10.0,11.0,10.0,10.0,10.0,10.0,15.0,18.0,18.0,10.0,10.0,10.0,10.0,1702.0,13.0,20.0,10.0,34.0,10.0,36.0,30.0,10.0,37.0,446.0,10.0,53.0,10.0,10.0,10.0,10.0,10.0,16.0,10.0,10.0,507.0,10.0,10.0,13.0,10.0,10.0,10.0,10.0,35.0,31.0,368.0,10.0,10.0,10.0,10.0,10.0,10.0,10.0,147.0,16.0,10.0,10.0,10.0,10.0,10.0,10.0,58.0,10.0,18.0,10.0,10.0,10.0,11.0,10.0,10.0,10.0,44.0,73.0,32.0,10.0,10.0,10.0,10.0,10.0,38.0,27.0,10.0,10.0,524.0,53.0,102.0,25.0,288.0,10.0,10.0,12
10.0,10.0,10.0,182.0,108.0,3108.0,10.0,2690.0,105.0,10.0,202.0,10.0,33.0,10.0,10.0,10.0,10.0,10.0,10.0,10.0,10.0,43.0,927.0,10.0,10.0,10.0,30.0,274.0,483.0,10.0,228.0,36.0,10.0,33.0,273.0,10.0,193.0,10.0,1641.0,10.0,10.0,241.0,10.0,10.0,58.0,22.0,290.0,10.0,10.0,105.0,715.0,10.0,10.0,120.0,80.0,875.0,141.0,74.0,11.0,250.0,10.0,10.0,68.0,648.0,10.0,107.0,74.0,10.0,145.0,453.0,2558.0,10.0,10.0,26.0,10.0,28.0,17.0,178.0,10.0,132.0,10.0,308.0,12.0,10.0,10.0,1003.0,245.0,1068.0,107.0,4692.0,270.0,598.0,202.0,635.0,260.0,74.0,37.0,10.0,1642.0,134.0,961.0,1605.0,10.0,1654.0,130.0,10.0,154.0,10.0,14
10.0,10.0,10.0,10.0,10.0,75.0,10.0,10.0,201.0,93.0,55.0,10.0,10.0,49.0,10.0,285.0,819.0,10.0,364.0,10.0,4516.0,981.0,39.0,10.0,10.0,10.0,81.0,2702.0,10.0,10.0,200.0,88.0,10.0,37.0,190.0,10.0,104.0,45.0,10.0,10.0,2482.0,10.0,10.0,32.0,24.0,10.0,568.0,10.0,10.0,264.0,10.0,10.0,49.0,403.0,125.0,1690.0,140.0,10.0,920.0,542.0,1973.0,10.0,387.0,10.0,10.0,185.0,25.0,4463.0,594.0,472.0,43.0,10.0,10.0,114.0,10.0,10.0,10.0,549.0,10.0,10.0,291.0,97.0,1246.0,10.0,10.0,618.0,23.0,212.0,10.0,10.0,1003.0,10.0,441.0,100.0,1193.0,10.0,10.0,10.0,111.0,906.0,24.0,106.0,37.0,214.0,13.0,10.0,10.0,120.0,9
72.0,352.0,10.0,79.0,10.0,69.0,12.0,639.0,114.0,10.0,27.0,10.0,50.0,10.0,10.0,10.0,10.0,48.0,23.0,10.0,10.0,10.0,10.0,42.0,10.0,33.0,10.0,225.0,20.0,12.0,10.0,10.0,10.0,15.0,115.0,13.0,126.0,10.0,10.0,10.0,10.0,10.0,409.0,10.0,10.0,10.0,10.0,56.0,10.0,10.0,274.0,10.0,10.0,326.0,10.0,10.0,10.0,45.0,10.0,10.0,10.0,10.0,101.0,10.0,10.0,221.0,10.0,10.0,10.0,272.0,55.0,10.0,23.0,27.0,10.0,10.0,10.0,10.0,141.0,10.0,168.0,12.0,10.0,10.0,39.0,10.0,10.0,437.0,589.0,10.0,10.0,304.0,10.0,37.0,10.0,45.0,29.0,216.0,87.0,10.0,10.0,46.0,10.0,265.0,24.0,10.0,10.0,10.0,10
10.0,14.0,186.0,204.0,81.0,31.0,10.0,7159.0,1347.0,10.0,36.0,10.0,10.0,10.0,10.0,10.0,10.0,10.0,10.0,76.0,42.0,15.0,10.0,35.0,10.0,10.0,10.0,253.0,10.0,13.0,14.0,10.0,1929.0,26.0,10.0,10.0,41.0,10.0,10.0,10.0,54.0,10.0,5503.0,10.0,261.0,10.0,10.0,40.0,58.0,10.0,53.0,10.0,10.0,154.0,10.0,30.0,10.0,10.0,10.0,10.0,10.0,272.0,155.0,10.0,10.0,174.0,10.0,10.0,10.0,264.0,279.0,10.0,10.0,10.0,10.0,25.0,10.0,10.0,10.0,43.0,456.0,10.0,67.0,250.0,56.0,558.0,10.0,21.0,638.0,84.0,88.0,218.0,10.0,24.0,13.0,10.0,79.0,10.0,23.0,10.0,10.0,70.0,10.0,33.0,81.0,10.0,10.0,47.0,13
56.0,136.0,158.0,10.0,11.0,29.0,10.0,495.0,44.0,10.0,25.0,10.0,23.0,10.0,10.0,32.0,45.0,131.0,10.0,10.0,10.0,10.0,10.0,31.0,10.0,10.0,290.0,39.0,10.0,10.0,10.0,10.0,195.0,10.0,10.0,61.0,15.0,10.0,21.0,10.0,10.0,10.0,387.0,10.0,10.0,47.0,10.0,10.0,10.0,10.0,10.0,10.0,100.0,10.0,10.0,10.0,10.0,10.0,10.0,55.0,10.0,10.0,10.0,10.0,10.0,10.0,10.0,10.0,10.0,55.0,10.0,10.0,10.0,10.0,10.0,10.0,10.0,10.0,10.0,10.0,10.0,10.0,10.0,44.0,10.0,10.0,10.0,10.0,29.0,171.0,35.0,10.0,10.0,10.0,38.0,10.0,10.0,10.0,51.0,30.0,10.0,10.0,10.0,13.0,31.0,49.0,10.0,13.0,1
80.0,37.0,10.0,10.0,10.0,67.0,10.0,86.0,10.0,14.0,33.0,10.0,87.0,18.0,10.0,10.0,10.0,10.0,16.0,10.0,62.0,10.0,10.0,10.0,10.0,10.0,30.0,46.0,10.0,10.0,10.0,10.0,10.0,24.0,10.0,10.0,43.0,10.0,10.0,10.0,10.0,10.0,1164.0,10.0,10.0,50.0,10.0,10.0,10.0,10.0,10.0,10.0,10.0,10.0,10.0,10.0,10.0,10.0,10.0,10.0,10.0,10.0,10.0,10.0,10.0,10.0,10.0,10.0,19.0,10.0,18.0,10.0,28.0,10.0,10.0,38.0,10.0,10.0,10.0,25.0,10.0,10.0,10.0,10.0,71.0,10.0,10.0,10.0,10.0,217.0,25.0,10.0,10.0,12.0,10.0,10.0,10.0,10.0,10.0,10.0,10.0,10.0,29.0,10.0,10.0,10.0,10.0,10.0,1
10.0,10.0,10.0,153.0,10.0,39.0,10.0,10.0,10.0,10.0,10.0,10.0,36.0,24.0,10.0,10.0,10.0,114.0,10.0,10.0,69.0,10.0,10.0,55.0,96.0,10.0,143.0,156.0,10.0,10.0,10.0,10.0,10.0,56.0,17.0,10.0,89.0,10.0,10.0,10.0,10.0,10.0,10.0,10.0,40.0,84.0,10.0,71.0,10.0,36.0,10.0,10.0,113.0,34.0,10.0,37.0,14.0,10.0,10.0,10.0,10.0,10.0,14.0,10.0,10.0,10.0,10.0,10.0,10.0,10.0,35.0,15.0,53.0,10.0,25.0,10.0,10.0,10.0,44.0,10.0,10.0,10.0,10.0,10.0,85.0,10.0,10.0,44.0,10.0,10.0,53.0,32.0,10.0,10.0,10.0,10.0,10.0,10.0,17.0,10.0,14.0,27.0,10.0,10.0,27.0,10.0,10.0,14.0,1
10.0,10.0,10.0,74.0,10.0,96.0,10.0,10.0,10.0,10.0,92.0,10.0,10.0,10.0,10.0,193.0,864.0,10.0,984.0,10.0,10.0,10.0,53.0,10.0,55.0,175.0,28.0,4920.0,11.0,10.0,265.0,10.0,10.0,120.0,281.0,10.0,15911.0,23.0,91.0,67.0,2433.0,10.0,760.0,632.0,10.0,10.0,43.0,10.0,10.0,10.0,10.0,10.0,10.0,803.0,35.0,1257.0,10.0,10.0,10.0,159.0,1168.0,92.0,721.0,10.0,10.0,10.0,27.0,10.0,117.0,10.0,16.0,10.0,10.0,11.0,10.0,15.0,10.0,10.0,10.0,10.0,10.0,10.0,10.0,10.0,10.0,10.0,69.0,3400.0,10.0,10.0,10.0,118.0,89.0,10.0,61.0,10.0,10.0,10.0,122.0,10.0,10.0,52.0,441.0,56.0,36.0,10.0,10.0,69.0,9
10.0,10.0,10.0,10.0,10.0,34.0,10.0,45.0,10.0,10.0,53.0,10.0,10.0,10.0,10.0,10.0,10.0,319.0,10.0,10.0,159.0,75.0,10.0,10.0,10.0,10.0,10.0,1387.0,10.0,10.0,187.0,10.0,10.0,77.0,715.0,10.0,121.0,10.0,224.0,10.0,2483.0,10.0,3107.0,10.0,10.0,10.0,10.0,10.0,49.0,78.0,10.0,10.0,10.0,760.0,10.0,426.0,10.0,10.0,232.0,186.0,1700.0,10.0,1299.0,10.0,10.0,10.0,32.0,10.0,77.0,561.0,178.0,10.0,10.0,10.0,10.0,10.0,10.0,10.0,10.0,10.0,10.0,10.0,65.0,10.0,41.0,36.0,10.0,57.0,10.0,25.0,30.0,37.0,10.0,10.0,333.0,10.0,10.0,10.0,22.0,10.0,10.0,738.0,10.0,15.0,41.0,31.0,10.0,10.0,9
49.0,3845.0,101.0,23.0,10.0,56.0,10.0,780.0,124.0,10.0,51.0,10.0,35.0,10.0,36.0,10.0,10.0,30.0,10.0,10.0,10.0,10.0,27.0,10.0,10.0,10.0,10.0,10.0,24.0,10.0,10.0,10.0,1397.0,10.0,10.0,18.0,35.0,10.0,14.0,117.0,10.0,10.0,400.0,10.0,10.0,10.0,10.0,10.0,129.0,10.0,10.0,10.0,10.0,10.0,10.0,10.0,10.0,12.0,24.0,16.0,93.0,17.0,10.0,10.0,10.0,10.0,10.0,10.0,80.0,10.0,10.0,10.0,10.0,78.0,191.0,27.0,14.0,54.0,10.0,10.0,10.0,41.0,10.0,10.0,15.0,22.0,10.0,64.0,35.0,55.0,42.0,52.0,27.0,10.0,10.0,10.0,203.0,114.0,15.0,10.0,24.0,56.0,10.0,10.0,10.0,27.0,10.0,15.0,8
10.0,39.0,10.0,10.0,10.0,44.0,10.0,40.0,63.0,61.0,35.0,10.0,10.0,10.0,10.0,10.0,10.0,10.0,102.0,22.0,944.0,630.0,12.0,10.0,42.0,10.0,141.0,1013.0,53.0,15.0,25.0,134.0,22.0,10.0,10.0,10.0,10.0,21.0,10.0,10.0,563.0,10.0,10.0,10.0,10.0,112.0,354.0,10.0,26.0,200.0,10.0,10.0,10.0,10.0,56.0,1543.0,10.0,10.0,166.0,310.0,244.0,10.0,2445.0,10.0,10.0,152.0,10.0,1794.0,131.0,259.0,47.0,10.0,188.0,10.0,10.0,10.0,10.0,10.0,10.0,10.0,10.0,12.0,89.0,10.0,163.0,162.0,193.0,80.0,10.0,237.0,16.0,45.0,10.0,10.0,23.0,10.0,10.0,10.0,29.0,10.0,11.0,111.0,21.0,27.0,10.0,10.0,10.0,57.0,5
171.0,1592.0,10.0,132.0,77.0,52.0,10.0,5439.0,10.0,10.0,26.0,10.0,10.0,10.0,19.0,55.0,10.0,10.0,144.0,10.0,33.0,41.0,35.0,69.0,118.0,27.0,10.0,10.0,10.0,34.0,10.0,10.0,127.0,10.0,10.0,153.0,876.0,10.0,181.0,290.0,10.0,10.0,283.0,10.0,10.0,10.0,56.0,10.0,10.0,10.0,10.0,10.0,10.0,10.0,10.0,10.0,39.0,10.0,10.0,10.0,108.0,10.0,42.0,10.0,10.0,10.0,51.0,10.0,10.0,10.0,10.0,245.0,10.0,127.0,64.0,10.0,115.0,48.0,10.0,10.0,10.0,10.0,104.0,10.0,32.0,94.0,10.0,414.0,106.0,10.0,64.0,316.0,10.0,20.0,10.0,10.0,781.0,17.0,10.0,55.0,10.0,183.0,135.0,88.0,39.0,71.0,10.0,26.0,8
10.0,19.0,10.0,10.0,10.0,35.0,10.0,62.0,10.0,10.0,49.0,10.0,29.0,24.0,18.0,10.0,10.0,142.0,10.0,10.0,458.0,328.0,10.0,10.0,10.0,10.0,54.0,456.0,10.0,10.0,201.0,10.0,37.0,82.0,361.0,10.0,77.0,10.0,10.0,10.0,1446.0,10.0,9824.0,10.0,10.0,10.0,22.0,10.0,10.0,10.0,10.0,10.0,10.0,605.0,50.0,1203.0,10.0,10.0,59.0,10.0,1188.0,10.0,462.0,10.0,10.0,10.0,28.0,10.0,49.0,494.0,97.0,10.0,10.0,10.0,10.0,10.0,10.0,35.0,10.0,15.0,10.0,10.0,164.0,10.0,134.0,10.0,76.0,16.0,10.0,10.0,48.0,10.0,115.0,49.0,465.0,10.0,10.0,63.0,30.0,10.0,174.0,651.0,10.0,23.0,35.0,46.0,10.0,35.0,9
10.0,397.0,10.0,10.0,56.0,100.0,10.0,10.0,13.0,10.0,33.0,106.0,10.0,10.0,10.0,10.0,10.0,10.0,10.0,10.0,99.0,10.0,35.0,10.0,10.0,203.0,10.0,117.0,68.0,10.0,11.0,345.0,24.0,15.0,42.0,10.0,90.0,23.0,203.0,10.0,22.0,63.0,10.0,10.0,10.0,213.0,42.0,10.0,10.0,94.0,10.0,10.0,10.0,10.0,10.0,10.0,44.0,238.0,320.0,39.0,10.0,102.0,10.0,10.0,10.0,10.0,10.0,10.0,11.0,466.0,345.0,16.0,10.0,10.0,76.0,10.0,10.0,10.0,10.0,112.0,10.0,10.0,10.0,10.0,368.0,68.0,10.0,345.0,59.0,401.0,133.0,607.0,10.0,30.0,10.0,1075.0,10.0,10.0,10.0,25.0,10.0,103.0,66.0,296.0,237.0,10.0,131.0,10.0,14
10.0,10.0,10.0,10.0,10.0,31.0,10.0,13.0,305.0,10.0,10.0,20.0,23.0,10.0,15.0,21.0,10.0,10.0,1006.0,10.0,208.0,87.0,10.0,182.0,10.0,10.0,27.0,3102.0,10.0,10.0,279.0,10.0,10.0,61.0,144.0,185.0,1603.0,10.0,46.0,10.0,2087.0,10.0,107.0,10.0,42.0,10.0,124.0,51.0,10.0,74.0,10.0,10.0,10.0,719.0,10.0,270.0,20.0,10.0,890.0,55.0,689.0,254.0,564.0,10.0,10.0,356.0,10.0,99.0,25.0,10.0,56.0,10.0,91.0,75.0,10.0,44.0,10.0,10.0,10.0,11.0,10.0,10.0,285.0,124.0,10.0,143.0,65.0,168.0,10.0,43.0,10.0,21.0,10.0,10.0,158.0,10.0,10.0,10.0,18.0,10.0,10.0,10.0,224.0,138.0,10.0,10.0,10.0,18.0,9
10.0,10.0,10.0,10.0,10.0,52.0,10.0,27.0,10.0,82.0,27.0,10.0,22.0,27.0,10.0,10.0,10.0,10.0,10.0,10.0,31.0,10.0,10.0,10.0,79.0,10.0,28.0,28.0,32.0,13.0,10.0,10.0,106.0,46.0,10.0,10.0,21.0,16.0,10.0,10.0,10.0,10.0,10.0,10.0,10.0,10.0,10.0,10.0,10.0,10.0,10.0,10.0,32.0,10.0,10.0,10.0,968.0,16.0,10.0,10.0,10.0,15.0,10.0,10.0,10.0,10.0,10.0,10.0,10.0,10.0,10.0,10.0,10.0,10.0,56.0,10.0,10.0,23.0,41.0,10.0,10.0,60.0,26.0,10.0,62.0,25.0,10.0,113.0,15.0,38.0,10.0,10.0,40.0,18.0,10.0,10.0,25.0,27.0,11.0,10.0,10.0,26.0,10.0,83.0,10.0,12.0,10.0,10.0,6
39.0,10.0,10.0,339.0,375.0,3689.0,10.0,807.0,52.0,176.0,172.0,10.0,65.0,38.0,10.0,10.0,10.0,10.0,10.0,10.0,10.0,41.0,561.0,627.0,10.0,10.0,55.0,398.0,2126.0,20.0,198.0,1133.0,10.0,56.0,364.0,10.0,564.0,10.0,1663.0,10.0,83.0,10.0,10.0,10.0,10.0,293.0,261.0,337.0,10.0,406.0,10.0,682.0,1155.0,977.0,351.0,1111.0,219.0,10.0,291.0,620.0,145.0,109.0,207.0,450.0,10.0,10.0,10.0,10.0,365.0,675.0,9095.0,10.0,16.0,88.0,10.0,2642.0,10.0,472.0,10.0,1226.0,447.0,203.0,10.0,89.0,258.0,4729.0,286.0,5312.0,861.0,1154.0,1142.0,3549.0,301.0,1520.0,318.0,275.0,10.0,561.0,6415.0,25.0,3238.0,874.0,308.0,4848.0,2814.0,115.0,1966.0,10.0,14
349.0,1084.0,309.0,10.0,493.0,38.0,10.0,9470.0,10.0,10.0,10.0,60.0,42.0,1909.0,3031.0,10.0,234.0,10.0,550.0,934.0,420.0,10.0,10.0,17.0,14.0,10.0,13.0,554.0,333.0,39.0,10.0,10.0,4274.0,5252.0,10.0,10.0,506.0,10.0,343.0,19.0,25.0,26.0,517.0,17.0,52.0,216.0,10.0,10.0,380.0,10.0,16.0,425.0,10.0,10.0,10.0,10.0,10.0,157.0,37.0,10.0,10.0,48.0,103.0,10.0,10.0,10.0,60.0,10.0,10.0,35.0,212.0,526.0,124.0,10.0,10.0,39.0,8400.0,10.0,10.0,70.0,10.0,10.0,10.0,10.0,128.0,93.0,10.0,1075.0,581.0,10.0,190.0,149.0,10.0,161.0,62.0,10.0,10.0,155.0,80.0,10.0,10.0,138.0,10.0,244.0,77.0,57.0,10.0,10.0,11
148.0,10.0,82.0,47.0,34.0,23.0,10.0,280.0,10.0,80.0,14.0,32.0,13.0,55.0,10.0,15.0,10.0,10.0,10.0,10.0,110.0,37.0,10.0,10.0,215.0,18.0,57.0,234.0,61.0,24.0,10.0,10.0,216.0,58.0,10.0,10.0,49.0,10.0,252.0,27.0,27.0,10.0,10.0,10.0,10.0,10.0,10.0,91.0,10.0,10.0,68.0,342.0,121.0,10.0,51.0,26.0,27.0,10.0,10.0,10.0,60.0,10.0,298.0,10.0,45.0,10.0,25.0,10.0,10.0,10.0,10.0,10.0,39.0,66.0,10.0,10.0,75.0,10.0,10.0,10.0,150.0,10.0,50.0,10.0,10.0,251.0,10.0,25.0,271.0,264.0,10.0,30.0,10.0,10.0,10.0,10.0,93.0,10.0,38.0,35.0,27.0,87.0,128.0,10.0,10.0,10.0,36.0,69.0,2
10.0,222.0,10.0,197.0,10.0,119.0,10.0,101.0,17.0,10.0,21.0,10.0,22.0,28.0,10.0,40.0,10.0,10.0,10.0,10.0,36.0,18.0,11.0,72.0,61.0,10.0,10.0,10.0,10.0,10.0,10.0,10.0,17.0,44.0,10.0,93.0,19.0,10.0,10.0,10.0,10.0,10.0,10.0,10.0,10.0,10.0,10.0,10.0,10.0,10.0,10.0,10.0,10.0,10.0,10.0,37.0,10.0,10.0,10.0,10.0,122.0,15.0,10.0,10.0,10.0,10.0,10.0,10.0,10.0,10.0,36.0,10.0,10.0,10.0,10.0,35.0,10.0,10.0,10.0,10.0,10.0,10.0,25.0,10.0,41.0,442.0,10.0,10.0,10.0,93.0,56.0,10.0,10.0,10.0,10.0,10.0,96.0,117.0,52.0,10.0,65.0,36.0,10.0,26.0,40.0,108.0,10.0,19.0,10
10.0,10.0,10.0,31.0,14.0,10.0,10.0,59.0,19.0,68.0,16.0,10.0,18.0,10.0,10.0,16.0,10.0,10.0,22.0,10.0,1422.0,555.0,11.0,10.0,51.0,10.0,261.0,2923.0,28.0,26.0,44.0,10.0,10.0,10.0,10.0,10.0,33.0,10.0,10.0,10.0,250.0,19.0,10.0,10.0,10.0,10.0,332.0,10.0,10.0,141.0,10.0,10.0,37.0,885.0,85.0,209.0,15.0,10.0,535.0,442.0,1330.0,77.0,2029.0,10.0,10.0,368.0,10.0,7305.0,116.0,10.0,101.0,10.0,744.0,102.0,10.0,10.0,10.0,60.0,93.0,10.0,10.0,10.0,218.0,10.0,98.0,356.0,528.0,236.0,10.0,164.0,10.0,77.0,10.0,17.0,10.0,10.0,10.0,215.0,87.0,10.0,40.0,193.0,10.0,10.0,27.0,10.0,10.0,12.0,5
149.0,14.0,186.0,204.0,81.0,31.0,10.0,7159.0,1347.0,10.0,36.0,10.0,10.0,10.0,10.0,10.0,10.0,10.0,10.0,76.0,42.0,15.0,10.0,75.0,10.0,15.0,10.0,253.0,10.0,13.0,14.0,10.0,1929.0,26.0,10.0,10.0,41.0,10.0,10.0,10.0,54.0,10.0,22.0,10.0,10.0,10.0,10.0,10.0,29.0,10.0,10.0,10.0,10.0,87.0,10.0,10.0,10.0,10.0,26.0,48.0,10.0,27.0,10.0,10.0,10.0,10.0,10.0,10.0,10.0,10.0,14.0,10.0,10.0,10.0,10.0,10.0,64.0,10.0,10.0,10.0,62.0,10.0,10.0,22.0,723.0,20.0,10.0,10.0,67.0,10.0,30.0,10.0,10.0,28.0,10.0,10.0,10.0,10.0,56.0,10.0,10.0,10.0,10.0,33.0,46.0,58.0,10.0,10.0,1
245.0,10.0,281.0,103.0,86.0,44.0,10.0,9601.0,2540.0,10.0,19.0,10.0,10.0,10.0,10.0,10.0,10.0,10.0,17.0,33.0,10.0,10.0,10.0,10.0,10.0,10.0,58.0,75.0,23.0,12.0,10.0,10.0,5251.0,51.0,10.0,12.0,56.0,19.0,172.0,10.0,10.0,10.0,3349.0,10.0,217.0,10.0,10.0,10.0,10.0,10.0,143.0,10.0,10.0,10.0,10.0,105.0,10.0,10.0,66.0,33.0,64.0,18.0,227.0,10.0,10.0,14.0,26.0,10.0,10.0,195.0,113.0,10.0,10.0,12.0,10.0,99.0,10.0,35.0,10.0,24.0,269.0,10.0,174.0,63.0,1998.0,321.0,10.0,169.0,469.0,10.0,24.0,10.0,10.0,41.0,10.0,10.0,821.0,10.0,10.0,10.0,10.0,303.0,10.0,138.0,22.0,10.0,10.0,10.0,13
10.0,10.0,10.0,16.0,10.0,36.0,10.0,32.0,10.0,10.0,10.0,10.0,10.0,10.0,39.0,10.0,10.0,10.0,10.0,157.0,89.0,12.0,10.0,10.0,10.0,10.0,22.0,93.0,10.0,10.0,10.0,10.0,10.0,23.0,10.0,44.0,121.0,10.0,10.0,10.0,10.0,17.0,10.0,10.0,10.0,10.0,10.0,13.0,10.0,10.0,45.0,191.0,10.0,10.0,56.0,20.0,10.0,10.0,10.0,10.0,10.0,10.0,13.0,10.0,10.0,170.0,13.0,10.0,10.0,75.0,10.0,10.0,46.0,10.0,10.0,31.0,10.0,10.0,10.0,17.0,10.0,19.0,10.0,10.0,10.0,36.0,18.0,10.0,10.0,31.0,25.0,19.0,10.0,10.0,10.0,10.0,10.0,10.0,20.0,10.0,10.0,29.0,20.0,19.0,49.0,10.0,10.0,10.0,7
10.0,255.0,10.0,1479.0,10.0,69.0,10.0,190.0,10.0,10.0,123.0,10.0,71.0,10.0,10.0,10.0,10.0,10.0,80.0,37.0,63.0,41.0,10.0,10.0,143.0,10.0,14.0,25.0,50.0,10.0,10.0,10.0,38.0,23.0,10.0,10.0,51.0,10.0,10.0,248.0,10.0,10.0,75.0,10.0,10.0,10.0,11.0,55.0,10.0,10.0,10.0,10.0,10.0,62.0,10.0,10.0,60.0,87.0,10.0,10.0,126.0,10.0,10.0,10.0,10.0,670.0,10.0,10.0,10.0,10.0,75.0,19.0,10.0,138.0,74.0,10.0,10.0,18.0,14.0,17.0,10.0,85.0,101.0,10.0,26.0,1039.0,10.0,10.0,129.0,10.0,90.0,10.0,29.0,10.0,10.0,278.0,763.0,479.0,16.0,10.0,41.0,101.0,24.0,356.0,44.0,235.0,10.0,223.0,10
10.0,183.0,10.0,10.0,27.0,92.0,10.0,273.0,10.0,10.0,10.0,10.0,22.0,1963.0,2144.0,10.0,10.0,10.0,36.0,92.0,10.0,10.0,10.0,10.0,10.0,10.0,24.0,13.0,10.0,212.0,10.0,10.0,668.0,2960.0,10.0,10.0,1002.0,83.0,10.0,10.0,66.0,11.0,10.0,10.0,10.0,10.0,10.0,48.0,10.0,10.0,10.0,10.0,70.0,10.0,10.0,14.0,45.0,10.0,10.0,10.0,10.0,10.0,13.0,10.0,13.0,10.0,10.0,10.0,10.0,51.0,43.0,71.0,10.0,10.0,10.0,10.0,10.0,10.0,10.0,10.0,56.0,10.0,10.0,13.0,42.0,10.0,10.0,10.0,10.0,10.0,31.0,10.0,36.0,10.0,10.0,10.0,10.0,10.0,32.0,10.0,10.0,10.0,10.0,10.0,36.0,10.0,10.0,47.0,4
10.0,10.0,10.0,10.0,59.0,18.0,10.0,184.0,159.0,10.0,135.0,10.0,10.0,10.0,10.0,10.0,192.0,99.0,10.0,10.0,2700.0,50.0,120.0,166.0,10.0,10.0,10.0,2066.0,10.0,10.0,141.0,10.0,10.0,45.0,414.0,10.0,304.0,10.0,10.0,10.0,1484.0,10.0,984.0,251.0,43.0,10.0,50.0,103.0,10.0,10.0,10.0,10.0,51.0,659.0,10.0,70.0,10.0,10.0,157.0,25.0,551.0,10.0,409.0,10.0,10.0,295.0,10.0,607.0,10.0,45.0,21.0,27.0,10.0,33.0,10.0,15.0,10.0,10.0,10.0,10.0,10.0,10.0,28.0,10.0,111.0,10.0,10.0,164.0,10.0,10.0,413.0,15.0,61.0,10.0,437.0,10.0,10.0,135.0,21.0,455.0,10.0,169.0,10.0,10.0,10.0,10.0,10.0,10.0,9
87.0,10.0,83.0,10.0,18.0,24.0,10.0,1163.0,74.0,10.0,10.0,10.0,10.0,10.0,10.0,10.0,10.0,10.0,37.0,10.0,10.0,10.0,10.0,52.0,10.0,16.0,129.0,31.0,10.0,28.0,10.0,10.0,465.0,10.0,10.0,10.0,33.0,10.0,10.0,10.0,10.0,10.0,10.0,10.0,50.0,76.0,10.0,10.0,114.0,17.0,10.0,10.0,68.0,10.0,10.0,10.0,28.0,10.0,28.0,10.0,11.0,10.0,79.0,10.0,10.0,10.0,10.0,10.0,10.0,30.0,54.0,10.0,30.0,17.0,10.0,11.0,18.0,10.0,93.0,24.0,34.0,10.0,19.0,10.0,10.0,10.0,10.0,36.0,27.0,37.0,10.0,28.0,10.0,10.0,10.0,18.0,10.0,10.0,10.0,10.0,10.0,10.0,10.0,21.0,13.0,10.0,10.0,10.0,1
10.0,403.0,10.0,86.0,60.0,114.0,10.0,202.0,10.0,50.0,98.0,10.0,10.0,40.0,56.0,10.0,10.0,10.0,40.0,51.0,689.0,249.0,10.0,10.0,10.0,10.0,384.0,3129.0,10.0,28.0,10.0,10.0,10.0,154.0,10.0,38.0,10.0,41.0,87.0,10.0,395.0,10.0,10.0,10.0,10.0,10.0,193.0,10.0,51.0,10.0,194.0,10.0,10.0,10.0,120.0,835.0,30.0,10.0,70.0,281.0,186.0,10.0,341.0,10.0,10.0,73.0,10.0,2117.0,37.0,10.0,41.0,10.0,575.0,10.0,10.0,36.0,10.0,10.0,10.0,10.0,10.0,10.0,131.0,10.0,10.0,57.0,142.0,100.0,10.0,158.0,10.0,138.0,10.0,42.0,10.0,10.0,10.0,10.0,45.0,10.0,26.0,86.0,54.0,14.0,49.0,10.0,10.0,107.0,5
10.0,10.0,10.0,10.0,10.0,36.0,10.0,50.0,81.0,21.0,32.0,10.0,11.0,45.0,12.0,10.0,10.0,37.0,40.0,10.0,1680.0,427.0,14.0,10.0,10.0,10.0,351.0,3589.0,18.0,10.0,26.0,10.0,10.0,68.0,59.0,10.0,69.0,10.0,10.0,10.0,663.0,10.0,10.0,10.0,46.0,10.0,31.0,10.0,10.0,10.0,10.0,10.0,10.0,132.0,10.0,495.0,10.0,10.0,287.0,125.0,509.0,10.0,2669.0,10.0,10.0,10.0,10.0,5344.0,10.0,10.0,10.0,10.0,356.0,97.0,10.0,26.0,10.0,10.0,12.0,10.0,10.0,10.0,45.0,10.0,35.0,209.0,156.0,83.0,10.0,237.0,10.0,75.0,10.0,20.0,10.0,10.0,10.0,16.0,50.0,10.0,48.0,44.0,10.0,132.0,21.0,10.0,10.0,10.0,5
90.0,73.0,76.0,10.0,57.0,10.0,10.0,350.0,105.0,10.0,31.0,10.0,13.0,4046.0,7094.0,10.0,10.0,10.0,610.0,193.0,153.0,33.0,10.0,10.0,10.0,10.0,108.0,67.0,58.0,91.0,10.0,10.0,1354.0,4762.0,10.0,84.0,450.0,10.0,322.0,173.0,14.0,17.0,10.0,10.0,12.0,43.0,10.0,10.0,74.0,35.0,10.0,16.0,10.0,10.0,10.0,24.0,10.0,60.0,10.0,10.0,10.0,10.0,74.0,10.0,10.0,10.0,10.0,10.0,56.0,10.0,47.0,10.0,194.0,67.0,74.0,10.0,865.0,17.0,10.0,24.0,11.0,26.0,15.0,10.0,10.0,32.0,10.0,51.0,28.0,10.0,22.0,10.0,10.0,10.0,10.0,10.0,10.0,15.0,15.0,10.0,11.0,10.0,34.0,96.0,10.0,10.0,10.0,39.0,4
44.0,10.0,43.0,70.0,14.0,32.0,10.0,1915.0,18.0,10.0,34.0,10.0,88.0,1425.0,1081.0,38.0,205.0,10.0,109.0,10.0,148.0,34.0,10.0,69.0,10.0,10.0,10.0,81.0,54.0,34.0,10.0,10.0,981.0,3320.0,10.0,10.0,132.0,10.0,52.0,36.0,10.0,10.0,633.0,10.0,10.0,56.0,10.0,10.0,72.0,10.0,10.0,10.0,27.0,10.0,10.0,10.0,712.0,64.0,15.0,10.0,10.0,10.0,10.0,10.0,10.0,38.0,10.0,10.0,10.0,10.0,20.0,10.0,27.0,43.0,10.0,10.0,218.0,10.0,34.0,19.0,50.0,10.0,54.0,10.0,19.0,16.0,10.0,71.0,34.0,10.0,29.0,30.0,57.0,36.0,10.0,10.0,10.0,29.0,10.0,23.0,10.0,10.0,10.0,29.0,26.0,13.0,10.0,28.0,4
299.0,290.0,622.0,49.0,68.0,59.0,10.0,865.0,10.0,10.0,59.0,10.0,10.0,452.0,10.0,17.0,66.0,10.0,257.0,10.0,290.0,10.0,10.0,10.0,10.0,10.0,112.0,140.0,48.0,100.0,10.0,10.0,1640.0,36.0,10.0,119.0,64.0,10.0,10.0,10.0,10.0,10.0,10.0,10.0,10.0,10.0,10.0,10.0,10.0,10.0,10.0,10.0,29.0,10.0,10.0,17.0,66.0,90.0,10.0,10.0,55.0,33.0,10.0,10.0,10.0,219.0,63.0,10.0,10.0,122.0,156.0,10.0,27.0,37.0,486.0,10.0,13418.0,67.0,10.0,96.0,365.0,10.0,206.0,157.0,751.0,441.0,10.0,183.0,406.0,284.0,10.0,174.0,10.0,33.0,61.0,10.0,463.0,27.0,52.0,147.0,18.0,85.0,10.0,354.0,15.0,300.0,722.0,12.0,3
18.0,1044.0,83.0,10.0,10.0,20.0,10.0,197.0,21.0,10.0,24.0,10.0,14.0,45.0,10.0,10.0,92.0,10.0,20.0,11.0,10.0,33.0,74.0,10.0,10.0,10.0,48.0,24.0,10.0,10.0,10.0,10.0,201.0,10.0,10.0,30.0,10.0,10.0,10.0,10.0,10.0,10.0,367.0,10.0,10.0,10.0,10.0,10.0,10.0,10.0,65.0,10.0,10.0,10.0,10.0,17.0,138.0,70.0,10.0,32.0,57.0,10.0,31.0,10.0,10.0,10.0,10.0,10.0,10.0,10.0,10.0,10.0,42.0,24.0,145.0,30.0,10.0,40.0,181.0,10.0,21.0,322.0,328.0,10.0,43.0,686.0,10.0,67.0,70.0,39.0,10.0,594.0,10.0,59.0,26.0,56.0,10.0,333.0,41.0,10.0,18.0,46.0,10.0,325.0,18.0,10.0,10.0,135.0,6
10.0,128.0,10.0,10.0,10.0,10.0,10.0,139.0,10.0,29.0,19.0,10.0,14.0,2068.0,1335.0,10.0,10.0,10.0,108.0,336.0,10.0,10.0,10.0,10.0,101.0,10.0,10.0,69.0,10.0,53.0,10.0,10.0,10.0,2425.0,10.0,10.0,2983.0,10.0,57.0,10.0,10.0,10.0,104.0,10.0,10.0,14.0,10.0,10.0,10.0,59.0,10.0,10.0,65.0,50.0,10.0,39.0,10.0,10.0,10.0,10.0,10.0,10.0,13.0,10.0,10.0,10.0,10.0,10.0,10.0,240.0,10.0,10.0,10.0,10.0,10.0,10.0,2510.0,10.0,10.0,15.0,10.0,10.0,10.0,10.0,19.0,10.0,506.0,68.0,10.0,10.0,10.0,121.0,10.0,63.0,10.0,10.0,10.0,10.0,50.0,10.0,29.0,77.0,10.0,10.0,10.0,10.0,10.0,10.0,4
10.0,10.0,10.0,10.0,10.0,15.0,10.0,10.0,73.0,36.0,43.0,10.0,14.0,10.0,40.0,10.0,10.0,10.0,10.0,192.0,10.0,10.0,10.0,10.0,10.0,10.0,10.0,73.0,10.0,138.0,10.0,10.0,10.0,10.0,10.0,571.0,73.0,10.0,10.0,35.0,10.0,10.0,10.0,10.0,10.0,10.0,10.0,10.0,10.0,10.0,10.0,27.0,262.0,10.0,10.0,10.0,10.0,10.0,10.0,10.0,10.0,10.0,10.0,10.0,10.0,10.0,10.0,10.0,10.0,10.0,10.0,281.0,15.0,10.0,10.0,10.0,20.0,10.0,10.0,10.0,79.0,10.0,10.0,10.0,10.0,64.0,10.0,44.0,10.0,130.0,10.0,42.0,10.0,10.0,10.0,10.0,10.0,10.0,13.0,10.0,10.0,77.0,10.0,242.0,14.0,10.0,10.0,10.0,7
159.0,488.0,10.0,10.0,10.0,34.0,119.0,677.0,10.0,10.0,42.0,100.0,11.0,5117.0,3066.0,10.0,10.0,98.0,72.0,489.0,43.0,10.0,10.0,27.0,10.0,10.0,74.0,214.0,23.0,38.0,10.0,10.0,10.0,2315.0,10.0,10.0,117.0,10.0,10.0,257.0,10.0,10.0,140.0,14.0,10.0,10.0,10.0,126.0,10.0,10.0,10.0,10.0,20.0,10.0,10.0,59.0,48.0,10.0,35.0,10.0,10.0,35.0,10.0,10.0,141.0,63.0,10.0,10.0,10.0,10.0,44.0,22.0,10.0,10.0,60.0,10.0,1792.0,10.0,35.0,10.0,97.0,10.0,24.0,10.0,25.0,10.0,10.0,92.0,12.0,10.0,23.0,10.0,10.0,14.0,10.0,10.0,10.0,10.0,10.0,10.0,13.0,13.0,50.0,24.0,10.0,10.0,10.0,18.0,4
263.0,10.0,10.0,10.0,49.0,457.0,10.0,10.0,130.0,10.0,1294.0,115.0,88.0,51.0,13.0,10.0,10.0,10.0,10.0,10.0,10.0,10.0,96.0,102.0,10.0,10.0,10.0,54.0,181.0,10.0,108.0,268.0,10.0,91.0,532.0,10.0,29.0,10.0,301.0,10.0,84.0,280.0,10.0,10.0,10.0,92.0,10.0,60.0,72.0,71.0,10.0,10.0,10.0,183.0,52.0,836.0,79.0,10.0,55.0,15.0,140.0,633.0,55.0,619.0,10.0,80.0,10.0,10.0,10.0,10.0,1817.0,10.0,10.0,125.0,10.0,309.0,24.0,10.0,10.0,137.0,10.0,10.0,10.0,11.0,10.0,235.0,354.0,96.0,605.0,516.0,464.0,427.0,10.0,135.0,35.0,10.0,10.0,12.0,111.0,151.0,10.0,251.0,300.0,377.0,10.0,10.0,10.0,10.0,14
10.0,10.0,10.0,11.0,10.0,81.0,10.0,10.0,22.0,101.0,50.0,10.0,18.0,10.0,20.0,10.0,10.0,27.0,10.0,10.0,17.0,10.0,10.0,10.0,10.0,10.0,10.0,12.0,10.0,10.0,10.0,10.0,10.0,50.0,10.0,10.0,67.0,10.0,10.0,10.0,10.0,10.0,57.0,10.0,10.0,10.0,10.0,10.0,10.0,10.0,10.0,10.0,10.0,10.0,10.0,10.0,18.0,10.0,10.0,10.0,10.0,15.0,10.0,10.0,10.0,10.0,22.0,10.0,10.0,10.0,10.0,11.0,10.0,10.0,10.0,10.0,23.0,10.0,10.0,10.0,10.0,10.0,10.0,10.0,27.0,16.0,10.0,10.0,10.0,10.0,10.0,14.0,18.0,10.0,10.0,10.0,20.0,10.0,10.0,10.0,15.0,10.0,10.0,20.0,10.0,10.0,10.0,21.0,11
154.0,402.0,133.0,10.0,21.0,55.0,10.0,5113.0,541.0,10.0,40.0,10.0,25.0,124.0,48.0,10.0,24.0,41.0,353.0,65.0,10.0,10.0,10.0,162.0,10.0,16.0,22.0,141.0,85.0,49.0,10.0,10.0,1030.0,10.0,10.0,10.0,1213.0,10.0,136.0,261.0,10.0,51.0,508.0,10.0,10.0,10.0,24.0,24.0,10.0,144.0,10.0,10.0,10.0,10.0,10.0,53.0,10.0,10.0,23.0,10.0,10.0,10.0,248.0,10.0,10.0,10.0,41.0,10.0,10.0,10.0,90.0,231.0,10.0,153.0,141.0,10.0,10.0,17.0,10.0,42.0,20.0,10.0,10.0,48.0,36.0,149.0,10.0,790.0,167.0,45.0,45.0,274.0,10.0,68.0,10.0,17.0,263.0,10.0,40.0,10.0,50.0,115.0,10.0,134.0,28.0,10.0,144.0,77.0,8
560.0,777.0,1648.0,88.0,10.0,13.0,10.0,1699.0,137.0,10.0,10.0,190.0,18.0,61.0,1307.0,47.0,10.0,136.0,183.0,10.0,162.0,10.0,10.0,10.0,10.0,10.0,27.0,159.0,62.0,10.0,10.0,10.0,11274.0,39.0,55.0,436.0,79.0,93.0,3544.0,59.0,209.0,10.0,854.0,10.0,675.0,107.0,342.0,10.0,34.0,10.0,10.0,10.0,23.0,10.0,10.0,79.0,91.0,10.0,10.0,10.0,62.0,47.0,445.0,40.0,271.0,514.0,10.0,10.0,13.0,557.0,79.0,36.0,88.0,10.0,525.0,10.0,9456.0,10.0,10.0,10.0,10.0,10.0,10.0,58.0,884.0,90.0,209.0,178.0,400.0,220.0,86.0,188.0,12.0,81.0,10.0,440.0,467.0,10.0,52.0,10.0,29.0,109.0,10.0,51.0,34.0,378.0,10.0,161.0,3
200.0,289.0,2775.0,10.0,336.0,76.0,10.0,10.0,104.0,72.0,79.0,242.0,22.0,39.0,297.0,10.0,10.0,107.0,10.0,10.0,105.0,44.0,24.0,51.0,10.0,10.0,28.0,93.0,140.0,10.0,22.0,10.0,10.0,33.0,10.0,10.0,112.0,27.0,3277.0,281.0,10.0,148.0,762.0,10.0,16.0,85.0,10.0,124.0,10.0,17.0,10.0,10.0,10.0,243.0,15.0,10.0,76.0,10.0,10.0,10.0,10.0,11.0,89.0,347.0,20.0,10.0,10.0,10.0,10.0,10.0,10.0,10.0,10.0,81.0,106.0,10.0,19.0,14.0,144.0,10.0,10.0,10.0,10.0,95.0,10.0,183.0,10.0,281.0,87.0,25.0,97.0,463.0,18.0,28.0,10.0,106.0,151.0,10.0,83.0,10.0,14.0,507.0,111.0,63.0,10.0,10.0,10.0,10.0,12
180.0,10.0,23.0,12.0,10.0,10.0,10.0,623.0,42.0,61.0,50.0,76.0,10.0,46.0,24.0,10.0,10.0,10.0,10.0,10.0,3323.0,1070.0,10.0,10.0,10.0,10.0,224.0,8390.0,44.0,10.0,64.0,46.0,10.0,33.0,46.0,10.0,24.0,44.0,10.0,10.0,695.0,10.0,10.0,10.0,10.0,10.0,229.0,10.0,10.0,361.0,395.0,10.0,10.0,10.0,140.0,486.0,105.0,74.0,974.0,142.0,1642.0,29.0,1652.0,10.0,10.0,10.0,10.0,9626.0,10.0,10.0,143.0,10.0,523.0,75.0,10.0,10.0,10.0,56.0,132.0,10.0,10.0,11.0,459.0,10.0,62.0,133.0,398.0,83.0,10.0,169.0,26.0,50.0,10.0,54.0,16.0,10.0,23.0,311.0,90.0,10.0,49.0,90.0,34.0,57.0,72.0,10.0,10.0,14.0,5
258.0,96.0,10.0,52.0,15.0,58.0,10.0,1372.0,10.0,10.0,56.0,10.0,27.0,10.0,10.0,10.0,315.0,89.0,27.0,10.0,432.0,528.0,10.0,10.0,10.0,10.0,617.0,1458.0,10.0,83.0,43.0,10.0,283.0,46.0,10.0,60.0,23.0,54.0,10.0,10.0,822.0,27.0,47.0,10.0,20.0,147.0,38.0,10.0,10.0,100.0,10.0,10.0,10.0,25.0,10.0,120.0,50.0,10.0,152.0,62.0,418.0,58.0,519.0,10.0,10.0,268.0,10.0,245.0,10.0,10.0,168.0,10.0,320.0,10.0,10.0,43.0,10.0,83.0,10.0,10.0,10.0,10.0,10.0,56.0,116.0,10.0,10.0,149.0,25.0,271.0,118.0,138.0,10.0,13.0,10.0,10.0,10.0,63.0,62.0,10.0,72.0,178.0,10.0,81.0,66.0,10.0,10.0,73.0,5
10.0,181.0,340.0,503.0,129.0,59.0,10.0,12984.0,9464.0,10.0,10.0,10.0,10.0,10.0,268.0,415.0,10.0,10.0,43.0,233.0,67.0,23.0,24.0,10.0,10.0,108.0,10.0,203.0,155.0,10.0,58.0,10.0,1699.0,10.0,145.0,74.0,75.0,16.0,2326.0,10.0,12.0,17.0,2020.0,10.0,14.0,32.0,112.0,10.0,10.0,10.0,373.0,10.0,10.0,274.0,10.0,183.0,52.0,10.0,10.0,24.0,10.0,362.0,188.0,10.0,10.0,35.0,10.0,10.0,14.0,328.0,352.0,10.0,10.0,150.0,10.0,137.0,10.0,140.0,10.0,26.0,10.0,10.0,298.0,350.0,149.0,1342.0,10.0,254.0,1400.0,222.0,10.0,1622.0,10.0,247.0,10.0,190.0,305.0,239.0,23.0,91.0,10.0,529.0,226.0,570.0,40.0,99.0,10.0,52.0,13
10.0,10.0,10.0,10.0,10.0,34.0,10.0,10.0,65.0,104.0,10.0,10.0,45.0,10.0,10.0,385.0,10.0,10.0,1819.0,24.0,310.0,167.0,10.0,10.0,10.0,10.0,38.0,2142.0,26.0,10.0,206.0,10.0,90.0,33.0,293.0,71.0,2331.0,36.0,421.0,320.0,1614.0,10.0,52.0,9255.0,10.0,10.0,268.0,14.0,429.0,116.0,10.0,10.0,33.0,872.0,10.0,4414.0,10.0,10.0,36.0,201.0,1838.0,126.0,131.0,10.0,10.0,105.0,11.0,10.0,161.0,10.0,185.0,10.0,10.0,214.0,10.0,10.0,10.0,10.0,10.0,10.0,10.0,10.0,10.0,202.0,10.0,516.0,1195.0,236.0,10.0,10.0,10.0,132.0,10.0,10.0,444.0,10.0,10.0,10.0,82.0,10.0,35.0,174.0,10.0,10.0,42.0,10.0,10.0,383.0,9
497.0,10.0,10.0,32.0,10.0,25.0,10.0,10.0,10.0,10.0,30.0,10.0,10.0,10.0,10.0,433.0,134.0,10.0,2039.0,10.0,133.0,156.0,31.0,10.0,48.0,39.0,17.0,1894.0,10.0,12.0,78.0,10.0,10.0,92.0,53.0,10.0,102.0,10.0,243.0,10.0,1521.0,10.0,10.0,46.0,10.0,10.0,236.0,10.0,10.0,649.0,46.0,10.0,10.0,95.0,120.0,309.0,10.0,266.0,339.0,93.0,1592.0,32.0,1465.0,10.0,10.0,11.0,61.0,115.0,245.0,10.0,10.0,10.0,10.0,60.0,10.0,10.0,416.0,197.0,55.0,10.0,10.0,10.0,399.0,10.0,10.0,143.0,212.0,33.0,10.0,10.0,10.0,41.0,103.0,53.0,619.0,10.0,10.0,90.0,44.0,10.0,10.0,70.0,153.0,61.0,31.0,10.0,10.0,44.0,9
10.0,10.0,10.0,35.0,10.0,42.0,10.0,10.0,10.0,10.0,33.0,30.0,44.0,10.0,21.0,10.0,10.0,10.0,10.0,10.0,10.0,10.0,10.0,10.0,10.0,10.0,16.0,78.0,29.0,40.0,10.0,10.0,10.0,10.0,10.0,10.0,42.0,80.0,10.0,10.0,10.0,10.0,10.0,10.0,10.0,10.0,10.0,41.0,133.0,10.0,19.0,10.0,305.0,410.0,23.0,20.0,331.0,10.0,10.0,10.0,10.0,10.0,37.0,10.0,10.0,10.0,10.0,10.0,10.0,10.0,10.0,10.0,40.0,10.0,10.0,13.0,10.0,10.0,10.0,10.0,10.0,10.0,10.0,10.0,10.0,194.0,34.0,28.0,10.0,19.0,37.0,57.0,10.0,10.0,10.0,10.0,10.0,10.0,517.0,10.0,11.0,120.0,22.0,105.0,52.0,10.0,89.0,10.0,8
10.0,231.0,46.0,18.0,112.0,63.0,1093.0,3289.0,11.0,10.0,10.0,5720.0,27.0,474.0,539.0,10.0,87.0,10.0,112.0,256.0,105.0,37.0,23.0,10.0,10.0,44.0,10.0,109.0,153.0,24.0,10.0,10.0,2820.0,1620.0,10.0,25.0,204.0,10.0,147.0,25.0,10.0,10.0,601.0,44.0,10.0,84.0,43.0,10.0,10.0,14.0,10.0,10.0,21.0,10.0,40.0,20.0,17.0,173.0,10.0,41.0,10.0,16.0,10.0,10.0,2542.0,10.0,2394.0,10.0,10.0,83.0,96.0,68.0,10.0,81.0,74.0,10.0,2319.0,10.0,10.0,27.0,178.0,10.0,17.0,10.0,92.0,30.0,10.0,278.0,293.0,161.0,33.0,10.0,10.0,31.0,10.0,50.0,72.0,56.0,11.0,10.0,10.0,45.0,10.0,85.0,28.0,10.0,41.0,10.0,11
10.0,10.0,10.0,10.0,10.0,16.0,10.0,10.0,10.0,21.0,70.0,75.0,38.0,10.0,34.0,10.0,10.0,10.0,10.0,20.0,1612.0,852.0,10.0,10.0,10.0,10.0,507.0,1470.0,52.0,10.0,10.0,10.0,101.0,52.0,66.0,10.0,56.0,11.0,10.0,10.0,332.0,10.0,12.0,10.0,89.0,10.0,10.0,106.0,10.0,10.0,81.0,10.0,63.0,13.0,10.0,20.0,13.0,10.0,68.0,10.0,82.0,10.0,1309.0,10.0,10.0,10.0,10.0,1830.0,10.0,10.0,85.0,10.0,121.0,10.0,10.0,10.0,10.0,10.0,24.0,10.0,10.0,10.0,91.0,25.0,101.0,150.0,441.0,86.0,10.0,135.0,10.0,86.0,10.0,10.0,10.0,10.0,10.0,10.0,25.0,10.0,10.0,181.0,10.0,15.0,51.0,10.0,10.0,10.0,5
10.0,10.0,10.0,10.0,10.0,25.0,10.0,10.0,10.0,286.0,105.0,10.0,107.0,10.0,10.0,885.0,2228.0,10.0,1929.0,10.0,10.0,186.0,10.0,10.0,191.0,10.0,1894.0,5852.0,10.0,10.0,278.0,10.0,10.0,32.0,644.0,10.0,14210.0,10.0,10.0,187.0,3535.0,10.0,10.0,10.0,10.0,59.0,75.0,10.0,10.0,10.0,10.0,10.0,10.0,769.0,10.0,787.0,10.0,10.0,10.0,107.0,10.0,10.0,163.0,10.0,10.0,10.0,10.0,10.0,69.0,63.0,26.0,10.0,10.0,10.0,10.0,10.0,10.0,10.0,10.0,10.0,39.0,10.0,10.0,10.0,212.0,27.0,220.0,18.0,10.0,237.0,10.0,10.0,10.0,10.0,10.0,10.0,10.0,10.0,10.0,10.0,24.0,116.0,305.0,131.0,41.0,13.0,10.0,10.0,9
10.0,10.0,10.0,10.0,10.0,85.0,10.0,42.0,10.0,37.0,58.0,73.0,47.0,74.0,10.0,10.0,10.0,10.0,10.0,10.0,96.0,10.0,10.0,49.0,10.0,10.0,10.0,38.0,10.0,15.0,10.0,10.0,187.0,27.0,10.0,10.0,30.0,10.0,10.0,10.0,19.0,10.0,10.0,10.0,10.0,10.0,10.0,70.0,413.0,10.0,10.0,10.0,383.0,10.0,26.0,10.0,10.0,10.0,10.0,10.0,10.0,18.0,10.0,10.0,10.0,10.0,10.0,10.0,30.0,10.0,53.0,10.0,18.0,10.0,150.0,81.0,65.0,10.0,10.0,10.0,545.0,10.0,84.0,92.0,67.0,121.0,10.0,28.0,17.0,96.0,62.0,10.0,10.0,35.0,10.0,10.0,27.0,10.0,82.0,10.0,73.0,26.0,10.0,74.0,10.0,10.0,75.0,10.0,3
10.0,209.0,3245.0,235.0,118.0,130.0,10.0,14566.0,10.0,10.0,175.0,10.0,499.0,30.0,394.0,10.0,37.0,10.0,519.0,10.0,259.0,10.0,40.0,10.0,165.0,118.0,490.0,400.0,163.0,11.0,18.0,132.0,4191.0,32.0,10.0,219.0,247.0,10.0,1102.0,138.0,103.0,10.0,10.0,10.0,26.0,10.0,203.0,10.0,223.0,250.0,10.0,10.0,10.0,10.0,10.0,107.0,10.0,10.0,10.0,10.0,49.0,29.0,149.0,10.0,10.0,59.0,10.0,10.0,10.0,10.0,343.0,507.0,36.0,10.0,10.0,114.0,214.0,15.0,10.0,489.0,10.0,10.0,44.0,75.0,10.0,417.0,10.0,925.0,77.0,376.0,15.0,65.0,10.0,21.0,10.0,98.0,39.0,65.0,11.0,44.0,10.0,174.0,153.0,206.0,36.0,15.0,10.0,18.0,12
10.0,10.0,891.0,10.0,10.0,125.0,68.0,10.0,10.0,21.0,9109.0,10.0,10.0,10.0,10.0,10.0,10.0,10.0,1341.0,10.0,458.0,86.0,28.0,10.0,10.0,10.0,10.0,2564.0,43.0,10.0,227.0,10.0,10.0,113.0,1381.0,10.0,482.0,10.0,1435.0,10.0,3466.0,10.0,7076.0,10.0,92.0,10.0,10.0,10.0,10.0,10.0,10.0,10.0,10.0,660.0,10.0,2102.0,20.0,10.0,1153.0,231.0,2846.0,80.0,6744.0,10.0,10.0,10.0,22.0,10.0,333.0,10.0,10.0,26.0,10.0,10.0,10.0,10.0,10.0,213.0,105.0,10.0,10.0,10.0,684.0,10.0,146.0,127.0,116.0,287.0,10.0,100.0,189.0,295.0,10.0,80.0,1102.0,10.0,10.0,10.0,64.0,10.0,36.0,580.0,211.0,10.0,64.0,10.0,10.0,104.0,9
10.0,10.0,10.0,16.0,10.0,70.0,10.0,10.0,10.0,10.0,29.0,10.0,39.0,10.0,10.0,10.0,10.0,10.0,10.0,10.0,10.0,10.0,10.0,10.0,37.0,10.0,10.0,35.0,10.0,10.0,10.0,10.0,2686.0,10.0,10.0,10.0,106.0,10.0,10.0,10.0,27.0,10.0,280.0,10.0,10.0,10.0,10.0,10.0,10.0,10.0,10.0,10.0,173.0,10.0,10.0,10.0,10.0,10.0,10.0,10.0,10.0,10.0,10.0,10.0,10.0,10.0,15.0,10.0,10.0,201.0,50.0,10.0,11.0,10.0,10.0,10.0,10.0,10.0,10.0,10.0,10.0,10.0,10.0,12.0,57.0,147.0,10.0,63.0,10.0,29.0,78.0,32.0,31.0,15.0,10.0,10.0,10.0,10.0,50.0,10.0,10.0,74.0,10.0,82.0,25.0,10.0,10.0,10.0,13
10.0,13.0,10.0,493.0,10.0,44.0,10.0,77.0,122.0,10.0,8678.0,10.0,28.0,10.0,10.0,10.0,10.0,10.0,89.0,10.0,157.0,157.0,10.0,30.0,10.0,83.0,61.0,3195.0,10.0,10.0,64.0,10.0,10.0,10.0,1378.0,10.0,96.0,33.0,10.0,10.0,4379.0,10.0,233.0,10.0,98.0,10.0,106.0,57.0,10.0,163.0,10.0,10.0,10.0,84.0,10.0,303.0,10.0,10.0,587.0,102.0,905.0,24.0,3932.0,10.0,10.0,10.0,25.0,10.0,41.0,245.0,10.0,10.0,10.0,63.0,10.0,10.0,10.0,72.0,130.0,10.0,193.0,10.0,58.0,108.0,90.0,10.0,10.0,103.0,10.0,30.0,10.0,83.0,10.0,65.0,131.0,10.0,10.0,10.0,45.0,10.0,25.0,28.0,10.0,95.0,25.0,10.0,197.0,10.0,9
10.0,10.0,10.0,10.0,10.0,14.0,10.0,74.0,10.0,10.0,10.0,10.0,41.0,18.0,41.0,25.0,10.0,82.0,10.0,10.0,45.0,10.0,16.0,30.0,10.0,10.0,52.0,79.0,39.0,27.0,10.0,10.0,10.0,24.0,10.0,10.0,64.0,10.0,10.0,10.0,61.0,30.0,10.0,22.0,26.0,10.0,10.0,119.0,10.0,21.0,10.0,10.0,166.0,10.0,10.0,11.0,66.0,10.0,10.0,10.0,10.0,30.0,44.0,10.0,39.0,10.0,10.0,10.0,23.0,10.0,10.0,10.0,38.0,10.0,36.0,33.0,14.0,10.0,10.0,19.0,10.0,10.0,10.0,10.0,10.0,10.0,10.0,39.0,10.0,20.0,22.0,22.0,10.0,12.0,10.0,10.0,16.0,10.0,10.0,10.0,10.0,38.0,10.0,10.0,38.0,10.0,10.0,38.0,3
138.0,667.0,397.0,54.0,180.0,13.0,10.0,3799.0,107.0,10.0,75.0,10.0,49.0,187.0,138.0,210.0,29.0,17.0,426.0,10.0,62.0,10.0,25.0,10.0,10.0,93.0,60.0,116.0,37.0,10.0,10.0,10.0,1626.0,21.0,10.0,51.0,724.0,23.0,234.0,10.0,97.0,10.0,10.0,10.0,203.0,10.0,81.0,24.0,10.0,79.0,31.0,10.0,10.0,10.0,17.0,10.0,10.0,26.0,10.0,10.0,30.0,10.0,175.0,10.0,10.0,10.0,10.0,10.0,10.0,10.0,10.0,10.0,10.0,66.0,259.0,10.0,10097.0,10.0,10.0,10.0,447.0,22.0,10.0,10.0,916.0,376.0,10.0,706.0,513.0,313.0,73.0,106.0,10.0,320.0,10.0,39.0,396.0,18.0,10.0,102.0,10.0,104.0,10.0,131.0,25.0,108.0,30.0,35.0,2
219.0,304.0,523.0,35.0,56.0,71.0,57.0,3663.0,126.0,12.0,10.0,180.0,87.0,2336.0,5083.0,21.0,31.0,64.0,516.0,953.0,51.0,125.0,10.0,10.0,51.0,10.0,22.0,215.0,243.0,299.0,10.0,11.0,3297.0,6088.0,10.0,75.0,122.0,10.0,26.0,227.0,10.0,10.0,34.0,10.0,160.0,46.0,40.0,10.0,10.0,12.0,218.0,285.0,58.0,97.0,10.0,10.0,10.0,38.0,10.0,10.0,10.0,10.0,32.0,10.0,10.0,85.0,10.0,10.0,10.0,10.0,10.0,40.0,27.0,98.0,58.0,11.0,9015.0,10.0,92.0,10.0,10.0,29.0,10.0,10.0,210.0,21.0,10.0,128.0,118.0,141.0,96.0,10.0,10.0,10.0,12.0,44.0,10.0,11.0,15.0,34.0,14.0,72.0,10.0,295.0,21.0,70.0,141.0,47.0,11
10.0,10.0,10.0,16.0,10.0,77.0,10.0,355.0,10.0,10.0,37.0,10.0,27.0,10.0,19.0,442.0,10.0,10.0,2244.0,25.0,675.0,195.0,20.0,10.0,10.0,127.0,10.0,4872.0,10.0,10.0,445.0,10.0,10.0,246.0,166.0,10.0,7641.0,74.0,66.0,10.0,1408.0,10.0,10.0,35.0,10.0,10.0,10.0,10.0,13.0,92.0,10.0,10.0,10.0,10.0,57.0,288.0,10.0,10.0,47.0,145.0,1208.0,10.0,494.0,10.0,10.0,10.0,10.0,10.0,53.0,10.0,10.0,10.0,10.0,10.0,10.0,10.0,10.0,10.0,38.0,17.0,10.0,10.0,10.0,63.0,194.0,89.0,94.0,139.0,10.0,17.0,10.0,10.0,10.0,25.0,139.0,10.0,10.0,10.0,10.0,10.0,133.0,74.0,35.0,61.0,25.0,10.0,10.0,44.0,9
720.0,10.0,95.0,31.0,106.0,623.0,10.0,701.0,17.0,32.0,11.0,10.0,10.0,10.0,10.0,19.0,26.0,10.0,10.0,10.0,10.0,10.0,365.0,1185.0,83.0,177.0,10.0,85.0,147.0,12.0,36.0,1774.0,147.0,19.0,10.0,10.0,231.0,10.0,365.0,10.0,40.0,47.0,10.0,10.0,14.0,10.0,1053.0,46.0,10.0,672.0,750.0,874.0,1961.0,135.0,206.0,1248.0,2809.0,10.0,36.0,990.0,273.0,10.0,10.0,3141.0,10.0,10.0,10.0,10.0,761.0,94.0,9391.0,10.0,132.0,44.0,554.0,50.0,10.0,421.0,10.0,1636.0,1028.0,5169.0,191.0,22.0,10.0,4974.0,895.0,2720.0,1300.0,8905.0,1788.0,3423.0,417.0,1858.0,457.0,297.0,10.0,156.0,1347.0,2920.0,3150.0,8313.0,190.0,3060.0,1983.0,398.0,5897.0,179.0,14
308.0,10.0,10.0,20.0,10.0,10.0,11.0,24.0,28.0,10.0,25.0,46.0,13.0,10.0,10.0,10.0,17.0,23.0,10.0,10.0,477.0,136.0,10.0,10.0,10.0,66.0,24.0,1686.0,20.0,10.0,10.0,10.0,10.0,10.0,10.0,10.0,35.0,48.0,10.0,10.0,72.0,12.0,10.0,10.0,25.0,10.0,10.0,10.0,10.0,10.0,167.0,10.0,497.0,10.0,10.0,27.0,10.0,10.0,287.0,10.0,263.0,14.0,3257.0,10.0,10.0,360.0,10.0,2984.0,10.0,10.0,10.0,10.0,153.0,41.0,10.0,10.0,32.0,14.0,27.0,10.0,10.0,10.0,88.0,10.0,10.0,205.0,10.0,113.0,10.0,212.0,79.0,74.0,10.0,45.0,26.0,10.0,10.0,10.0,31.0,10.0,42.0,103.0,107.0,10.0,17.0,10.0,75.0,10.0,5
10.0,62.0,10.0,10.0,10.0,43.0,16.0,18.0,10.0,10.0,82.0,356.0,57.0,50.0,12.0,10.0,10.0,10.0,10.0,10.0,10.0,10.0,29.0,44.0,54.0,10.0,63.0,134.0,15.0,10.0,10.0,10.0,10.0,54.0,10.0,10.0,78.0,10.0,10.0,10.0,17.0,16.0,10.0,10.0,10.0,45.0,10.0,69.0,54.0,54.0,10.0,10.0,78.0,10.0,10.0,34.0,10.0,10.0,11.0,10.0,10.0,15.0,12.0,10.0,10.0,10.0,10.0,10.0,25.0,42.0,10.0,21.0,10.0,10.0,10.0,10.0,10.0,10.0,10.0,10.0,10.0,10.0,10.0,10.0,65.0,10.0,10.0,10.0,57.0,80.0,38.0,10.0,63.0,10.0,10.0,10.0,10.0,10.0,27.0,10.0,10.0,10.0,10.0,10.0,34.0,38.0,10.0,10.0,3
10.0,10.0,10.0,10.0,10.0,23.0,10.0,10.0,10.0,210.0,127.0,115.0,10.0,142.0,65.0,10.0,10.0,10.0,10.0,10.0,10.0,10.0,10.0,10.0,10.0,27.0,13.0,245.0,28.0,19.0,10.0,10.0,10.0,10.0,10.0,10.0,186.0,10.0,10.0,10.0,10.0,10.0,10.0,10.0,10.0,10.0,10.0,10.0,10.0,10.0,49.0,10.0,380.0,223.0,10.0,10.0,10.0,10.0,10.0,10.0,10.0,10.0,10.0,10.0,10.0,10.0,10.0,10.0,10.0,10.0,10.0,10.0,10.0,10.0,10.0,10.0,10.0,10.0,10.0,14.0,10.0,10.0,10.0,10.0,10.0,72.0,10.0,72.0,10.0,122.0,62.0,10.0,10.0,10.0,10.0,10.0,10.0,10.0,30.0,10.0,30.0,110.0,10.0,32.0,11.0,10.0,10.0,10.0,12
10.0,10.0,10.0,10.0,10.0,88.0,10.0,102.0,10.0,10.0,272.0,10.0,10.0,76.0,10.0,103.0,367.0,10.0,83.0,10.0,9326.0,333.0,58.0,10.0,77.0,40.0,10.0,2813.0,10.0,10.0,185.0,10.0,10.0,10.0,129.0,10.0,333.0,10.0,235.0,120.0,1912.0,10.0,7723.0,10.0,10.0,10.0,10.0,10.0,10.0,10.0,49.0,100.0,10.0,181.0,84.0,355.0,10.0,10.0,788.0,96.0,1363.0,10.0,5561.0,10.0,10.0,27.0,10.0,2591.0,28.0,207.0,10.0,10.0,10.0,10.0,10.0,10.0,10.0,10.0,111.0,10.0,10.0,10.0,18.0,10.0,176.0,295.0,10.0,293.0,10.0,134.0,867.0,48.0,324.0,10.0,427.0,10.0,10.0,10.0,10.0,17.0,10.0,28.0,10.0,10.0,44.0,10.0,10.0,88.0,9
10.0,10.0,10.0,10.0,10.0,20.0,13.0,112.0,18.0,10.0,19.0,10.0,42.0,20.0,10.0,10.0,10.0,10.0,10.0,26.0,31.0,55.0,10.0,10.0,54.0,10.0,16.0,13.0,10.0,10.0,10.0,10.0,10.0,56.0,10.0,10.0,10.0,10.0,10.0,10.0,11.0,10.0,25.0,10.0,10.0,72.0,10.0,10.0,11.0,10.0,10.0,10.0,66.0,10.0,10.0,10.0,22.0,10.0,10.0,13.0,10.0,10.0,25.0,10.0,10.0,10.0,52.0,10.0,10.0,10.0,10.0,10.0,26.0,10.0,10.0,10.0,10.0,22.0,10.0,10.0,10.0,11.0,10.0,10.0,10.0,10.0,10.0,20.0,13.0,281.0,34.0,35.0,45.0,41.0,10.0,10.0,10.0,10.0,27.0,10.0,10.0,10.0,10.0,10.0,28.0,10.0,10.0,20.0,7
10.0,68.0,10.0,10.0,10.0,79.0,10.0,134.0,10.0,10.0,155.0,308.0,60.0,10.0,10.0,345.0,783.0,10.0,2709.0,10.0,18.0,112.0,21.0,10.0,165.0,10.0,86.0,3418.0,10.0,10.0,150.0,10.0,10.0,132.0,521.0,10.0,16000.0,10.0,10.0,196.0,1352.0,10.0,10.0,723.0,10.0,10.0,10.0,37.0,10.0,10.0,358.0,10.0,10.0,235.0,10.0,483.0,46.0,10.0,10.0,174.0,590.0,10.0,341.0,10.0,10.0,249.0,10.0,10.0,10.0,10.0,58.0,10.0,10.0,109.0,10.0,19.0,10.0,10.0,10.0,19.0,10.0,10.0,10.0,10.0,88.0,140.0,46.0,47.0,10.0,208.0,10.0,121.0,10.0,26.0,10.0,10.0,10.0,10.0,49.0,10.0,24.0,123.0,290.0,93.0,15.0,24.0,10.0,10.0,9
10.0,10.0,62.0,10.0,10.0,54.0,18.0,6145.0,76.0,10.0,80.0,10.0,23.0,10.0,451.0,10.0,297.0,45.0,196.0,10.0,45.0,10.0,16.0,16.0,118.0,60.0,12.0,10.0,94.0,10.0,10.0,10.0,8206.0,103.0,10.0,10.0,61.0,10.0,10.0,60.0,10.0,10.0,10.0,10.0,10.0,10.0,10.0,10.0,16.0,23.0,10.0,10.0,10.0,10.0,10.0,10.0,77.0,121.0,10.0,10.0,52.0,10.0,10.0,10.0,10.0,10.0,10.0,10.0,10.0,64.0,10.0,10.0,263.0,29.0,293.0,10.0,10.0,56.0,10.0,32.0,10.0,28.0,119.0,26.0,65.0,40.0,10.0,46.0,226.0,10.0,30.0,221.0,10.0,10.0,10.0,10.0,14.0,158.0,11.0,25.0,11.0,61.0,10.0,491.0,12.0,193.0,10.0,10.0,10
10.0,10.0,10.0,10.0,10.0,65.0,10.0,10.0,202.0,227.0,91.0,10.0,10.0,181.0,10.0,549.0,10.0,10.0,3462.0,10.0,200.0,254.0,106.0,10.0,10.0,10.0,10.0,2932.0,28.0,10.0,292.0,80.0,10.0,10.0,1040.0,10.0,258.0,88.0,10.0,10.0,5385.0,10.0,10.0,34.0,10.0,10.0,252.0,10.0,10.0,356.0,10.0,10.0,10.0,507.0,33.0,618.0,10.0,10.0,727.0,501.0,2307.0,44.0,2291.0,10.0,10.0,582.0,79.0,10.0,83.0,156.0,38.0,10.0,10.0,48.0,10.0,10.0,84.0,168.0,32.0,23.0,10.0,10.0,453.0,10.0,10.0,10.0,20.0,129.0,10.0,193.0,10.0,10.0,198.0,10.0,310.0,10.0,10.0,10.0,65.0,10.0,37.0,95.0,60.0,56.0,207.0,10.0,10.0,99.0,9
465.0,10.0,10.0,11.0,61.0,2820.0,10.0,1604.0,10.0,10.0,12.0,10.0,16.0,10.0,13.0,10.0,10.0,10.0,10.0,10.0,10.0,48.0,1951.0,1366.0,10.0,178.0,20.0,172.0,836.0,10.0,46.0,1140.0,23.0,10.0,140.0,10.0,10.0,22.0,10.0,10.0,65.0,215.0,10.0,10.0,10.0,10.0,1247.0,10.0,10.0,725.0,1054.0,443.0,2067.0,105.0,310.0,336.0,1434.0,230.0,326.0,1200.0,56.0,10.0,10.0,2610.0,110.0,10.0,10.0,10.0,1601.0,10.0,6606.0,10.0,10.0,10.0,10.0,140.0,10.0,699.0,10.0,2574.0,67.0,1556.0,34.0,184.0,31.0,2861.0,476.0,10241.0,1536.0,14956.0,1325.0,3392.0,666.0,2552.0,338.0,452.0,10.0,495.0,1697.0,1215.0,7377.0,4582.0,165.0,9950.0,763.0,10.0,1937.0,210.0,14
19.0,10.0,10.0,10.0,73.0,86.0,10.0,9816.0,10.0,278.0,100.0,10.0,74.0,165.0,10.0,22.0,10.0,179.0,100.0,10.0,220.0,85.0,76.0,23.0,10.0,100.0,1673.0,265.0,282.0,128.0,10.0,10.0,13063.0,40.0,10.0,10.0,315.0,10.0,10.0,54.0,270.0,10.0,10.0,10.0,10.0,10.0,10.0,10.0,478.0,96.0,97.0,10.0,529.0,10.0,192.0,10.0,302.0,10.0,91.0,10.0,139.0,10.0,168.0,10.0,10.0,10.0,10.0,10.0,35.0,10.0,10.0,10.0,249.0,10.0,10.0,33.0,10.0,10.0,10.0,10.0,10.0,52.0,50.0,10.0,27.0,148.0,10.0,1232.0,1629.0,10.0,74.0,127.0,11.0,46.0,10.0,358.0,10.0,10.0,108.0,53.0,98.0,135.0,10.0,318.0,34.0,235.0,383.0,10.0,10
10.0,10.0,10.0,40.0,45.0,198.0,34.0,95.0,10.0,10.0,10.0,169.0,20.0,45.0,10.0,10.0,10.0,15.0,10.0,10.0,102.0,88.0,35.0,10.0,10.0,164.0,36.0,10.0,301.0,10.0,10.0,154.0,20.0,42.0,99.0,10.0,53.0,23.0,15.0,10.0,10.0,10.0,10.0,10.0,10.0,358.0,128.0,10.0,165.0,123.0,10.0,10.0,10.0,143.0,10.0,180.0,10.0,290.0,10.0,65.0,10.0,184.0,64.0,370.0,10.0,10.0,10.0,10.0,10.0,649.0,1488.0,135.0,34.0,10.0,10.0,10.0,10.0,39.0,10.0,298.0,10.0,119.0,10.0,10.0,272.0,2098.0,10.0,547.0,205.0,660.0,309.0,847.0,10.0,142.0,10.0,10.0,10.0,10.0,354.0,10.0,987.0,452.0,184.0,1031.0,106.0,10.0,188.0,10.0,14
29.0,104.0,22.0,10.0,10.0,29.0,10.0,297.0,10.0,10.0,20.0,10.0,10.0,10.0,10.0,10.0,10.0,10.0,10.0,10.0,10.0,17.0,51.0,37.0,21.0,10.0,10.0,14.0,10.0,10.0,10.0,10.0,1097.0,50.0,10.0,10.0,322.0,10.0,34.0,10.0,10.0,10.0,216.0,12.0,10.0,10.0,10.0,64.0,95.0,10.0,10.0,10.0,10.0,10.0,10.0,10.0,136.0,10.0,17.0,10.0,10.0,10.0,50.0,10.0,32.0,10.0,10.0,10.0,19.0,10.0,11.0,10.0,10.0,10.0,10.0,10.0,10.0,10.0,65.0,10.0,10.0,20.0,13.0,11.0,35.0,76.0,10.0,10.0,10.0,10.0,47.0,63.0,10.0,10.0,10.0,10.0,10.0,10.0,19.0,10.0,10.0,10.0,10.0,10.0,24.0,10.0,10.0,10.0,6
10.0,10.0,390.0,106.0,55.0,3345.0,10.0,558.0,10.0,10.0,10.0,10.0,10.0,10.0,19.0,10.0,10.0,323.0,26.0,10.0,11.0,10.0,3468.0,1035.0,10.0,855.0,10.0,240.0,1290.0,10.0,153.0,1782.0,10.0,73.0,98.0,10.0,52.0,10.0,10.0,10.0,10.0,189.0,10.0,10.0,10.0,28.0,1125.0,149.0,323.0,1251.0,615.0,2334.0,7002.0,1243.0,432.0,119.0,3167.0,31.0,49.0,1484.0,150.0,1059.0,10.0,4021.0,10.0,209.0,10.0,10.0,802.0,298.0,13995.0,10.0,83.0,10.0,10.0,1102.0,10.0,643.0,10.0,3348.0,1229.0,179.0,525.0,828.0,10.0,15238.0,1608.0,4187.0,1016.0,16000.0,2455.0,6346.0,539.0,5288.0,384.0,4756.0,10.0,1137.0,527.0,1165.0,2473.0,4597.0,181.0,12758.0,554.0,354.0,3299.0,1129.0,14
10.0,10.0,10.0,10.0,41.0,23.0,10.0,407.0,10.0,10.0,34.0,10.0,35.0,10.0,10.0,10.0,10.0,10.0,19.0,10.0,10.0,10.0,10.0,10.0,10.0,10.0,27.0,62.0,10.0,13.0,10.0,10.0,175.0,10.0,10.0,10.0,328.0,10.0,10.0,10.0,10.0,10.0,1384.0,10.0,10.0,14.0,10.0,68.0,10.0,10.0,54.0,10.0,104.0,10.0,10.0,36.0,32.0,10.0,10.0,10.0,10.0,10.0,10.0,10.0,136.0,10.0,27.0,10.0,10.0,10.0,10.0,10.0,10.0,10.0,10.0,10.0,14.0,10.0,10.0,19.0,10.0,10.0,10.0,10.0,283.0,30.0,10.0,32.0,10.0,406.0,10.0,65.0,10.0,10.0,10.0,10.0,10.0,10.0,10.0,10.0,10.0,95.0,10.0,40.0,14.0,10.0,114.0,10.0,3
10.0,10.0,10.0,10.0,10.0,43.0,10.0,10.0,234.0,220.0,42.0,96.0,38.0,10.0,85.0,10.0,10.0,10.0,10.0,10.0,10.0,16.0,27.0,62.7,10.0,10.0,10.0,177.0,10.0,10.0,10.0,10.0,10.0,10.0,10.0,10.0,65.0,10.0,10.0,10.0,10.0,27.0,10.0,10.0,10.0,10.0,10.0,10.0,313.7,10.0,221.5,184.4,490.9,10.0,41.5,42.7,10.0,10.0,10.0,10.7,26.0,134.5,10.0,10.0,10.0,65.2,10.0,10.0,10.0,10.0,10.0,10.0,11.8,10.0,10.0,10.0,10.0,10.0,10.0,31.9,10.0,10.0,10.0,37.9,10.0,170.6,10.0,142.9,10.0,10.0,10.0,65.9,18.9,10.0,23.1,10.0,10.0,10.0,53.5,10.0,75.1,44.4,10.0,10.0,27.7,62.8,113.6,10.0,1
10.0,33.0,38.0,44.0,255.0,10.0,4222.0,4164.0,51.0,10.0,10.0,10833.0,61.0,1023.0,1446.0,105.0,122.0,13.0,239.0,178.0,54.0,10.0,10.0,10.0,91.0,19.0,26.0,170.0,84.0,204.0,10.0,10.0,1453.0,2037.0,10.0,10.0,119.0,10.0,228.0,10.0,12.0,10.0,171.0,10.0,48.0,111.0,95.0,10.0,10.0,10.0,245.0,10.0,10.0,28.0,10.0,30.0,24.0,238.0,19.0,10.0,25.0,57.0,15.0,10.0,8208.0,10.0,7220.0,10.0,10.0,149.0,42.0,10.0,65.0,10.0,27.0,11.0,5971.0,12.0,10.0,10.0,10.0,40.0,147.0,10.0,124.0,47.0,10.0,193.0,171.0,132.0,43.0,56.0,54.0,42.0,10.0,46.0,84.0,150.0,10.0,10.0,11.0,39.0,10.0,66.0,10.0,13.0,10.0,19.0,11
10.0,39.0,10.0,29.0,78.0,869.0,10.0,3522.0,10.0,90.0,69.0,10.0,10.0,24.0,10.0,10.0,10.0,43.0,10.0,10.0,10.0,10.0,767.0,10.0,10.0,10.0,10.0,98.0,42.0,20.0,39.0,548.0,55.0,27.0,269.0,14.0,135.0,10.0,2954.0,10.0,75.0,131.0,10.0,10.0,47.0,19.0,506.0,10.0,10.0,10.0,357.0,382.0,45.0,135.0,25.0,399.0,373.0,13.0,10.0,10.0,10.0,12.0,50.0,638.0,10.0,10.0,10.0,10.0,151.0,257.0,1373.0,10.0,10.0,10.0,219.0,10.0,10.0,10.0,10.0,45.0,153.0,85.0,10.0,10.0,10.0,1690.0,709.0,243.0,189.0,4685.0,10.0,635.0,10.0,636.0,96.0,10.0,10.0,10.0,300.0,171.0,377.0,3693.0,10.0,786.0,76.0,56.0,225.0,10.0,14
10.0,10.0,10.0,10.0,10.0,156.0,10.0,10.0,10.0,10.0,97.0,10.0,30.0,10.0,10.0,10.0,10.0,10.0,795.0,10.0,138.0,425.0,24.0,10.0,41.0,10.0,34.0,1855.0,10.0,10.0,82.0,10.0,10.0,41.0,1722.0,10.0,1194.0,10.0,139.0,35.0,2522.0,10.0,159.0,10.0,10.0,10.0,72.0,10.0,10.0,137.0,10.0,10.0,10.0,10.0,83.0,1105.0,10.0,57.0,23.0,32.0,1317.0,10.0,2171.0,10.0,10.0,10.0,10.0,10.0,71.0,260.0,10.0,10.0,10.0,56.0,10.0,27.0,10.0,62.0,10.0,17.0,10.0,10.0,130.0,10.0,107.0,10.0,284.0,59.0,10.0,78.0,10.0,114.0,10.0,10.0,323.0,10.0,10.0,10.0,31.0,10.0,10.0,96.0,10.0,10.0,36.0,10.0,10.0,10.0,9
10.0,556.0,429.0,10.0,10.0,51.0,10.0,162.0,10.0,10.0,38.0,10.0,59.0,10.0,361.0,10.0,10.0,34.0,11.0,10.0,20.0,35.0,10.0,10.0,10.0,10.0,265.0,106.0,10.0,10.0,10.0,10.0,10.0,101.0,18.0,12.0,60.0,10.0,10.0,10.0,15.0,104.0,252.0,10.0,10.0,10.0,48.0,10.0,48.0,10.0,10.0,10.0,10.0,17.0,10.0,72.0,10.0,10.0,10.0,10.0,10.0,10.0,10.0,10.0,10.0,40.0,10.0,10.0,10.0,330.0,10.0,10.0,98.0,87.0,115.0,16.0,10.0,75.0,24.0,36.0,10.0,10.0,10.0,15.0,50.0,40.0,10.0,77.0,10.0,10.0,10.0,10.0,10.0,75.0,10.0,10.0,184.0,10.0,36.0,10.0,30.0,93.0,10.0,73.0,50.0,10.0,10.0,10.0,7
184.0,219.0,10.0,10.0,10.0,52.0,10.0,10.0,1701.0,10.0,10.0,10.0,10.0,10.0,106.0,10.0,10.0,24.0,10.0,689.0,172.0,33.0,10.0,10.0,10.0,10.0,10.0,26.0,10.0,10.0,10.0,10.0,10.0,50.0,10.0,261.0,62.0,10.0,10.0,25.0,106.0,10.0,10.0,10.0,17.0,10.0,157.0,10.0,10.0,30.0,10.0,10.0,113.0,10.0,48.0,29.0,10.0,10.0,10.0,10.0,10.0,10.0,140.0,10.0,10.0,10.0,11.0,10.0,10.0,10.0,33.0,10.0,10.0,10.0,214.0,10.0,10.0,10.0,10.0,16.0,10.0,10.0,10.0,10.0,10.0,49.0,220.0,74.0,10.0,177.0,118.0,18.0,10.0,10.0,10.0,10.0,404.0,163.0,10.0,10.0,15.0,106.0,152.0,10.0,11.0,60.0,10.0,10.0,10
10.0,10.0,10.0,10.0,163.0,39.0,10.0,5516.0,10.0,10.0,10.0,81.0,33.0,498.0,450.0,10.0,93.0,10.0,62.0,114.0,204.0,10.0,10.0,22.0,141.0,18.0,14.0,744.0,69.0,138.0,10.0,10.0,1263.0,570.0,10.0,10.0,263.0,18.0,97.0,10.0,161.0,10.0,169.0,10.0,35.0,221.0,10.0,100.0,10.0,10.0,147.0,195.0,10.0,10.0,10.0,10.0,2094.0,10.0,10.0,43.0,78.0,90.0,645.0,10.0,10.0,10.0,10.0,10.0,10.0,187.0,130.0,118.0,10.0,10.0,10.0,10.0,1362.0,15.0,10.0,43.0,10.0,10.0,10.0,10.0,315.0,29.0,10.0,1053.0,308.0,136.0,79.0,36.0,75.0,22.0,13.0,51.0,10.0,129.0,10.0,16.0,10.0,150.0,10.0,62.0,48.0,25.0,12.0,10.0,11
33.0,10.0,10.0,10.0,10.0,110.0,10.0,456.0,10.0,205.0,137.0,10.0,18.0,56.0,26.0,10.0,10.0,10.0,10.0,10.0,58.0,25.0,10.0,10.0,10.0,10.0,10.0,239.0,10.0,10.0,10.0,10.0,362.0,10.0,10.0,10.0,29.0,10.0,10.0,11.0,10.0,24.0,174.0,10.0,51.0,39.0,10.0,10.0,10.0,10.0,10.0,10.0,10.0,10.0,10.0,17.0,10.0,10.0,10.0,10.0,31.0,10.0,10.0,10.0,27.0,163.0,10.0,10.0,10.0,10.0,10.0,10.0,27.0,10.0,49.0,10.0,10.0,10.0,10.0,10.0,10.0,10.0,10.0,10.0,10.0,74.0,19.0,147.0,10.0,99.0,10.0,10.0,10.0,10.0,10.0,10.0,268.0,10.0,33.0,10.0,20.0,39.0,10.0,10.0,10.0,10.0,10.0,33.0,12
10.0,236.0,10.0,20.0,243.0,1338.0,10.0,4308.0,90.0,10.0,156.0,10.0,10.0,10.0,10.0,10.0,10.0,10.0,10.0,10.0,10.0,18.0,1085.0,60.0,10.0,10.0,334.0,111.0,301.0,10.0,175.0,10.0,826.0,38.0,181.0,10.0,335.0,10.0,2376.0,10.0,160.0,101.0,10.0,20.0,10.0,10.0,473.0,10.0,10.0,1053.0,870.0,115.0,298.0,145.0,339.0,262.0,3783.0,373.0,10.0,1737.0,161.0,10.0,10.0,1826.0,10.0,10.0,54.0,10.0,308.0,298.0,1279.0,10.0,69.0,323.0,10.0,38.0,10.0,469.0,10.0,141.0,10.0,1653.0,103.0,10.0,10.0,8633.0,1697.0,451.0,1384.0,10453.0,10.0,2906.0,380.0,2922.0,273.0,222.0,10.0,978.0,171.0,1613.0,3320.0,4100.0,65.0,2379.0,70.0,293.0,1354.0,10.0,14
10.0,10.0,10.0,10.0,10.0,48.0,10.0,421.0,10.0,10.0,94.0,10.0,10.0,10.0,10.0,10.0,10.0,246.0,807.0,90.0,1239.0,120.0,55.0,10.0,10.0,10.0,35.0,376.0,21.0,10.0,10.0,10.0,10.0,10.0,19.0,10.0,137.0,42.0,10.0,10.0,519.0,10.0,1423.0,1041.0,10.0,10.0,10.0,10.0,10.0,10.0,10.0,10.0,10.0,744.0,10.0,256.0,10.0,10.0,45.0,10.0,1217.0,99.0,282.0,10.0,10.0,10.0,10.0,10.0,10.0,38.0,10.0,10.0,10.0,10.0,10.0,10.0,32.0,79.0,10.0,10.0,10.0,10.0,174.0,10.0,24.0,10.0,10.0,10.0,109.0,16.0,44.0,31.0,10.0,10.0,77.0,10.0,10.0,10.0,59.0,10.0,10.0,37.0,126.0,23.0,31.0,10.0,10.0,56.0,9
10.0,10.0,10.0,16.0,10.0,19.0,10.0,10.0,10.0,14.0,31.0,10.0,937.0,32.0,171.0,10.0,10.0,10.0,10.0,12.0,10.0,10.0,10.0,32.0,10.0,10.0,10.0,23.0,105.0,10.0,10.0,10.0,101.0,24.0,10.0,29.0,14.0,192.0,10.0,10.0,16.0,10.0,10.0,10.0,10.0,10.0,10.0,10.0,10.0,10.0,10.0,10.0,125.0,14.0,10.0,10.0,119.0,10.0,10.0,10.0,10.0,10.0,13.0,10.0,10.0,16.0,10.0,10.0,10.0,10.0,10.0,10.0,17.0,10.0,15.0,10.0,10.0,30.0,10.0,10.0,62.0,10.0,19.0,10.0,465.0,67.0,10.0,52.0,10.0,10.0,15.0,40.0,80.0,10.0,10.0,10.0,10.0,10.0,10.0,10.0,43.0,10.0,10.0,178.0,20.0,10.0,10.0,10.0,7
10.0,154.0,10.0,10.0,31.0,18.0,5113.0,1275.0,20.0,10.0,21.0,14941.0,10.0,276.0,702.0,10.0,10.0,71.0,24.0,11.0,96.0,10.0,10.0,10.0,10.0,10.0,10.0,67.0,10.0,266.0,10.0,10.0,915.0,805.0,10.0,10.0,218.0,10.0,53.0,10.0,10.0,30.0,764.0,10.0,29.0,10.0,10.0,60.0,34.0,10.0,132.0,10.0,10.0,10.0,10.0,74.0,43.0,10.0,10.0,27.0,10.0,10.0,10.0,10.0,11209.0,15.0,5943.0,10.0,10.0,10.0,10.0,245.0,10.0,10.0,45.0,10.0,1131.0,10.0,51.0,10.0,10.0,10.0,15.0,29.0,10.0,10.0,10.0,48.0,10.0,13.0,10.0,28.0,10.0,21.0,10.0,10.0,36.0,10.0,42.0,10.0,15.0,10.0,10.0,16.0,10.0,10.0,10.0,10.0,11
10.0,60.0,10.0,10.0,44.0,656.0,10.0,429.0,101.0,10.0,10.0,174.0,10.0,13.0,20.0,10.0,10.0,10.0,10.0,50.0,10.0,10.0,26.0,10.0,10.0,85.0,10.0,29.0,335.0,10.0,63.0,298.0,16.0,10.0,413.0,10.0,30.0,69.0,159.0,86.0,53.0,560.0,29.0,10.0,10.0,292.0,10.0,327.0,10.0,10.0,1053.0,305.0,10.0,10.0,86.0,577.0,282.0,10.0,71.0,104.0,10.0,644.0,167.0,208.0,10.0,10.0,73.0,10.0,31.0,941.0,2390.0,10.0,10.0,87.0,10.0,110.0,10.0,10.0,10.0,64.0,184.0,54.0,10.0,18.0,449.0,1056.0,10.0,515.0,132.0,10.0,442.0,809.0,348.0,399.0,10.0,10.0,10.0,10.0,1599.0,491.0,579.0,327.0,135.0,900.0,309.0,10.0,3342.0,10.0,14
111.0,10.0,10.0,10.0,10.0,37.0,10.0,10.0,34.0,48.0,22.0,10.0,10.0,72.0,26.0,10.0,10.0,37.0,10.0,10.0,10.0,10.0,10.0,10.0,10.0,10.0,10.0,151.0,10.0,13.0,43.0,10.0,10.0,10.0,10.0,10.0,69.0,10.0,10.0,10.0,10.0,10.0,10.0,10.0,10.0,10.0,10.0,36.0,10.0,10.0,10.0,10.0,53.0,39.0,10.0,10.0,10.0,10.0,10.0,10.0,10.0,10.0,10.0,10.0,10.0,10.0,10.0,10.0,10.0,10.0,10.0,10.0,10.0,10.0,10.0,10.0,10.0,10.0,10.0,10.0,10.0,10.0,10.0,10.0,10.0,11.0,10.0,11.0,10.0,120.0,10.0,17.0,10.0,10.0,10.0,10.0,10.0,10.0,10.0,10.0,10.0,10.0,10.0,10.0,13.0,10.0,10.0,10.0,1
10.0,143.0,10.0,10.0,32.0,22.0,10.0,1211.0,10.0,10.0,96.0,10.0,10.0,10.0,50.0,10.0,10.0,100.0,10.0,10.0,1166.0,350.0,10.0,10.0,10.0,10.0,83.0,3054.0,10.0,30.0,17.0,10.0,360.0,70.0,31.0,10.0,76.0,46.0,10.0,10.0,370.0,10.0,1517.0,10.0,30.0,10.0,26.0,10.0,10.0,17.0,100.0,10.0,500.0,10.0,10.0,152.0,10.0,10.0,255.0,10.0,423.0,25.0,2445.0,10.0,10.0,10.0,10.0,3543.0,10.0,10.0,90.0,13.0,548.0,10.0,10.0,10.0,10.0,10.0,55.0,10.0,10.0,32.0,264.0,15.0,10.0,169.0,10.0,10.0,10.0,179.0,153.0,26.0,10.0,25.0,44.0,10.0,10.0,67.0,10.0,10.0,10.0,224.0,59.0,73.0,85.0,10.0,10.0,10.0,5
247.0,294.0,1964.0,10.0,10.0,78.0,10.0,225.0,1535.0,83.0,10.0,10.0,16000.0,10.0,3444.0,20.0,11.0,10.0,10.0,463.0,269.0,10.0,70.0,154.0,126.0,10.0,10.0,31.0,1464.0,10.0,10.0,10.0,10.0,10.0,10.0,149.0,108.0,16000.0,443.0,10.0,10.0,88.0,10.0,42.0,36.0,10.0,10.0,10.0,25.0,95.0,70.0,481.0,10.0,248.0,123.0,10.0,1958.0,10.0,10.0,10.0,10.0,164.0,10.0,10.0,10.0,10.0,10.0,92.0,37.0,10.0,117.0,230.0,10.0,75.0,10.0,10.0,10.0,10.0,10.0,10.0,613.0,10.0,10.0,47.0,2443.0,347.0,87.0,341.0,483.0,196.0,13.0,244.0,10.0,269.0,162.0,10.0,10.0,344.0,59.0,10.0,15.0,204.0,10.0,753.0,10.0,450.0,410.0,1541.0,2
10.0,102.0,10.0,64.0,25.0,503.0,28.0,1464.0,58.0,10.0,50.0,97.0,11.0,10.0,10.0,10.0,10.0,109.0,10.0,10.0,103.0,48.0,911.0,365.0,10.0,196.0,67.0,194.0,197.0,10.0,10.0,423.0,10.0,71.0,103.0,10.0,10.0,10.0,98.0,10.0,87.0,10.0,1366.0,10.0,10.0,10.0,45.0,72.0,10.0,10.0,318.0,10.0,194.0,471.0,10.0,51.0,276.0,10.0,58.0,12.0,10.0,75.0,75.0,204.0,10.0,262.0,10.0,10.0,87.0,18.0,1966.0,10.0,10.0,10.0,10.0,10.0,10.0,10.0,10.0,1212.0,10.0,10.0,10.0,43.0,10.0,573.0,431.0,478.0,72.0,6107.0,290.0,996.0,53.0,689.0,67.0,215.0,10.0,10.0,237.0,10.0,178.0,1544.0,146.0,1096.0,182.0,10.0,621.0,217.0,14
127.0,1933.0,10.0,10.0,10.0,56.0,23.0,10.0,441.0,23.0,11.0,10.0,27.0,10.0,69.0,10.0,10.0,10.0,70.0,446.0,25.0,91.0,13.0,10.0,25.0,10.0,10.0,92.0,10.0,244.0,10.0,10.0,10.0,10.0,10.0,550.0,274.0,1407.0,10.0,10.0,10.0,10.0,17.0,10.0,10.0,10.0,10.0,37.0,10.0,10.0,10.0,145.0,41.0,39.0,10.0,10.0,10.0,10.0,10.0,10.0,10.0,10.0,36.0,10.0,10.0,177.0,16.0,10.0,10.0,10.0,10.0,273.0,10.0,10.0,194.0,10.0,10.0,10.0,51.0,38.0,10.0,147.0,10.0,73.0,157.0,71.0,10.0,10.0,10.0,10.0,23.0,10.0,10.0,10.0,10.0,10.0,116.0,10.0,44.0,10.0,11.0,40.0,10.0,10.0,24.0,28.0,10.0,10.0,7
286.0,224.0,96.0,10.0,169.0,26.0,10.0,2706.0,113.0,10.0,26.0,103.0,10.0,10.0,41.0,10.0,10.0,212.0,10.0,10.0,45.0,10.0,10.0,10.0,10.0,10.0,33.0,105.0,10.0,10.0,10.0,10.0,1388.0,10.0,10.0,10.0,51.0,26.0,225.0,10.0,10.0,50.0,1634.0,15.0,399.0,88.0,10.0,60.0,10.0,10.0,10.0,10.0,43.0,10.0,10.0,10.0,17.0,10.0,20.0,10.0,10.0,21.0,154.0,10.0,10.0,65.0,10.0,10.0,10.0,150.0,23.0,10.0,10.0,96.0,10.0,30.0,10.0,19.0,10.0,21.0,249.0,10.0,10.0,33.0,10.0,125.0,10.0,54.0,415.0,10.0,49.0,351.0,10.0,32.0,10.0,10.0,10.0,10.0,32.0,10.0,28.0,38.0,10.0,31.0,56.0,10.0,10.0,10.0,13
10.0,175.0,174.0,47.0,10.0,586.0,10.0,1017.0,28.0,37.0,119.0,10.0,21.0,10.0,10.0,19.0,10.0,55.0,10.0,55.0,10.0,10.0,694.0,10.0,13.0,21.0,155.0,161.0,12.0,10.0,42.0,386.0,10.0,41.0,316.0,11.0,10.0,35.0,2396.0,10.0,30.0,73.0,10.0,10.0,10.0,19.0,225.0,110.0,10.0,254.0,681.0,654.0,10.0,192.0,175.0,775.0,499.0,52.0,10.0,253.0,10.0,10.0,10.0,600.0,10.0,10.0,10.0,10.0,1405.0,798.0,1240.0,16.0,10.0,10.0,10.0,10.0,10.0,23.0,10.0,205.0,345.0,233.0,10.0,10.0,200.0,1967.0,1675.0,302.0,780.0,4954.0,10.0,818.0,55.0,1631.0,25.0,61.0,10.0,438.0,100.0,1120.0,765.0,4531.0,171.0,1613.0,131.0,58.0,875.0,10.0,14
10.0,330.0,43.0,182.0,184.0,10.0,10.0,5582.0,49.0,10.0,23.0,10.0,10.0,36.0,11.0,10.0,10.0,10.0,41.0,10.0,13.0,17.0,10.0,10.0,10.0,66.0,43.0,132.0,47.0,15.0,10.0,10.0,4810.0,46.0,10.0,23.0,51.0,10.0,1531.0,10.0,44.0,10.0,4580.0,52.0,46.0,166.0,10.0,10.0,10.0,78.0,90.0,99.0,10.0,55.0,17.0,64.0,39.0,10.0,10.0,19.0,40.0,370.0,200.0,10.0,10.0,100.0,10.0,10.0,10.0,10.0,101.0,10.0,10.0,10.0,53.0,10.0,10.0,29.0,10.0,19.0,29.0,10.0,112.0,42.0,129.0,11.0,15.0,1340.0,450.0,49.0,25.0,252.0,39.0,30.0,10.0,10.0,156.0,99.0,30.0,16.0,10.0,131.0,12.0,97.0,27.0,26.0,10.0,10.0,13
111.0,842.0,10.0,10.0,10.0,31.0,10.0,10.0,10.0,10.0,10.0,10.0,53.0,10.0,10.0,10.0,188.0,10.0,11.0,10.0,29.0,10.0,331.0,10.0,10.0,10.0,10.0,10.0,10.0,10.0,10.0,10.0,3341.0,12.0,10.0,10.0,49.0,10.0,10.0,10.0,10.0,19.0,377.0,10.0,10.0,32.0,10.0,10.0,32.0,10.0,10.0,10.0,10.0,10.0,10.0,10.0,10.0,157.0,10.0,10.0,10.0,10.0,10.0,10.0,10.0,10.0,10.0,10.0,22.0,10.0,92.0,10.0,10.0,10.0,96.0,10.0,10.0,95.0,104.0,10.0,10.0,10.0,10.0,10.0,10.0,1816.0,10.0,10.0,22.0,17.0,14.0,188.0,45.0,10.0,10.0,10.0,10.0,337.0,10.0,22.0,11.0,43.0,35.0,1216.0,15.0,60.0,10.0,75.0,6
239.0,10.0,227.0,17.0,89.0,48.0,10.0,2515.0,40.0,157.0,75.0,10.0,12.0,38.0,17.0,10.0,10.0,10.0,11.0,10.0,61.0,27.0,26.0,10.0,10.0,16.0,151.0,222.0,90.0,65.0,30.0,10.0,2877.0,25.0,10.0,80.0,256.0,10.0,10.0,10.0,10.0,10.0,10.0,10.0,31.0,40.0,10.0,44.0,10.0,10.0,10.0,10.0,362.0,10.0,10.0,43.0,10.0,10.0,10.0,10.0,12.0,13.0,111.0,10.0,10.0,10.0,10.0,10.0,10.0,10.0,10.0,10.0,15.0,146.0,128.0,10.0,10.0,10.0,10.0,33.0,10.0,10.0,60.0,118.0,158.0,56.0,10.0,1511.0,240.0,143.0,30.0,100.0,10.0,10.0,10.0,10.0,255.0,10.0,30.0,10.0,37.0,60.0,10.0,42.0,10.0,10.0,10.0,10.0,12
10.0,16.0,10.0,10.0,596.0,65.0,10.0,10.0,119.0,44.0,86.0,10.0,59.0,133.0,10.0,132.0,604.0,10.0,1335.0,10.0,5159.0,3186.0,191.0,10.0,182.0,25.0,22.0,2157.0,16.0,10.0,330.0,10.0,10.0,102.0,412.0,10.0,90.0,10.0,10.0,10.0,3553.0,10.0,2413.0,10.0,10.0,10.0,192.0,162.0,10.0,138.0,10.0,79.0,10.0,370.0,24.0,899.0,10.0,241.0,10.0,296.0,895.0,10.0,179.0,10.0,10.0,22.0,10.0,4031.0,129.0,321.0,10.0,10.0,10.0,10.0,10.0,10.0,10.0,25.0,124.0,10.0,10.0,10.0,76.0,10.0,10.0,57.0,262.0,64.0,10.0,82.0,10.0,94.0,10.0,10.0,773.0,13.0,10.0,50.0,10.0,10.0,10.0,60.0,88.0,132.0,457.0,10.0,10.0,165.0,9
23.0,10.0,957.0,10.0,10.0,47.0,10.0,282.0,10.0,10.0,49.0,10.0,16.0,10.0,22.0,10.0,10.0,14.0,10.0,10.0,10.0,17.0,10.0,26.0,10.0,10.0,62.0,10.0,10.0,10.0,10.0,10.0,106.0,10.0,10.0,100.0,10.0,10.0,10.0,10.0,23.0,10.0,10.0,10.0,10.0,42.0,10.0,20.0,49.0,10.0,10.0,10.0,26.0,10.0,10.0,10.0,10.0,10.0,10.0,10.0,10.0,12.0,13.0,10.0,751.0,26.0,10.0,10.0,10.0,10.0,10.0,10.0,10.0,10.0,13.0,10.0,29.0,10.0,22.0,10.0,10.0,10.0,12.0,10.0,16.0,10.0,10.0,10.0,10.0,33.0,10.0,56.0,10.0,13.0,10.0,10.0,10.0,10.0,52.0,10.0,14.0,10.0,10.0,29.0,693.0,29.0,10.0,26.0,10
113.0,10.0,10.0,47.0,10.0,47.0,10.0,229.0,10.0,206.0,98.0,10.0,42.0,10.0,10.0,10.0,10.0,10.0,68.0,10.0,1712.0,182.0,20.0,10.0,43.0,10.0,106.0,2998.0,46.0,10.0,39.0,10.0,10.0,85.0,19.0,10.0,27.0,10.0,10.0,10.0,601.0,10.0,32.0,10.0,10.0,32.0,10.0,10.0,334.0,10.0,422.0,10.0,202.0,10.0,147.0,10.0,58.0,10.0,22.0,10.0,174.0,10.0,2267.0,10.0,10.0,126.0,10.0,811.0,10.0,10.0,10.0,31.0,253.0,10.0,10.0,10.0,10.0,10.0,230.0,10.0,10.0,10.0,109.0,10.0,50.0,10.0,196.0,77.0,10.0,16.0,127.0,10.0,28.0,10.0,10.0,10.0,10.0,10.0,26.0,10.0,18.0,54.0,10.0,21.0,49.0,22.0,53.0,10.0,5
163.0,94.0,145.0,43.0,59.0,15.0,10.0,2009.0,3833.0,10.0,58.0,69.0,10.0,10.0,10.0,10.0,10.0,10.0,16.0,80.0,10.0,10.0,10.0,14.0,10.0,10.0,46.0,80.0,27.0,10.0,10.0,10.0,1748.0,39.0,30.0,19.0,17.0,10.0,38.0,17.0,67.0,10.0,4358.0,11.0,678.0,68.0,85.0,10.0,10.0,10.0,46.0,10.0,10.0,193.0,10.0,40.0,10.0,10.0,71.0,10.0,21.0,57.0,46.0,10.0,10.0,10.0,10.0,10.0,10.0,17.0,251.0,10.0,10.0,94.0,10.0,10.0,10.0,10.0,83.0,16.0,535.0,10.0,277.0,87.0,189.0,13.0,10.0,68.0,199.0,101.0,52.0,10.0,10.0,54.0,10.0,10.0,108.0,10.0,42.0,10.0,33.0,20.0,10.0,41.0,21.0,86.0,10.0,27.0,13
10.0,10.0,10.0,10.0,10.0,58.0,10.0,10.0,2671.0,78.0,31.0,71.0,10.0,10.0,14.0,10.0,10.0,10.0,21.0,223.0,30.0,10.0,10.0,10.0,10.0,10.0,10.0,14.0,10.0,31.0,10.0,10.0,421.0,10.0,10.0,10.0,116.0,31.0,10.0,10.0,10.0,34.0,121.0,10.0,10.0,10.0,10.0,10.0,10.0,10.0,64.0,210.0,230.0,10.0,10.0,10.0,10.0,10.0,10.0,10.0,10.0,10.0,10.0,10.0,42.0,66.0,23.0,10.0,10.0,10.0,10.0,10.0,64.0,10.0,10.0,23.0,35.0,10.0,10.0,33.0,10.0,22.0,64.0,10.0,10.0,241.0,10.0,43.0,10.0,10.0,69.0,56.0,10.0,10.0,10.0,10.0,291.0,10.0,46.0,10.0,26.0,58.0,10.0,54.0,43.0,76.0,10.0,10.0,7
290.0,10.0,10.0,136.0,10.0,64.0,10.0,10.0,301.0,48.0,43.0,10.0,21.0,18.0,10.0,10.0,73.0,10.0,350.0,10.0,3472.0,3142.0,111.0,10.0,31.0,10.0,86.0,1377.0,10.0,10.0,120.0,51.0,23.0,54.0,333.0,10.0,37.0,10.0,10.0,10.0,3317.0,10.0,10.0,10.0,10.0,10.0,17.0,10.0,10.0,171.0,10.0,10.0,10.0,72.0,66.0,231.0,186.0,12.0,914.0,211.0,1406.0,13.0,742.0,10.0,10.0,10.0,99.0,3919.0,27.0,10.0,18.0,10.0,10.0,10.0,10.0,10.0,10.0,89.0,81.0,20.0,10.0,10.0,602.0,10.0,10.0,140.0,144.0,170.0,10.0,91.0,33.0,60.0,286.0,17.0,1378.0,10.0,10.0,10.0,54.0,10.0,47.0,1480.0,10.0,60.0,55.0,10.0,10.0,95.0,9
10.0,830.0,157.0,96.0,63.0,49.0,10.0,276.0,91.0,10.0,39.0,10.0,53.0,420.0,2223.0,10.0,10.0,10.0,199.0,329.0,81.0,26.0,10.0,10.0,10.0,62.0,20.0,19.0,117.0,382.0,10.0,10.0,404.0,4224.0,10.0,100.0,1146.0,10.0,400.0,225.0,10.0,10.0,10.0,10.0,10.0,10.0,43.0,10.0,208.0,106.0,10.0,10.0,10.0,29.0,10.0,94.0,68.0,161.0,55.0,10.0,36.0,21.0,134.0,10.0,10.0,372.0,33.0,10.0,10.0,10.0,10.0,10.0,10.0,112.0,283.0,49.0,749.0,17.0,10.0,47.0,80.0,101.0,356.0,21.0,10.0,24.0,40.0,63.0,98.0,10.0,39.0,10.0,10.0,42.0,10.0,10.0,10.0,46.0,51.0,10.0,18.0,44.0,20.0,337.0,32.0,67.0,36.0,89.0,4
10.0,10.0,10.0,10.0,96.0,51.0,10.0,3311.0,10.0,18.0,53.0,10.0,10.0,10.0,10.0,58.0,10.0,10.0,96.0,47.0,4350.0,1079.0,10.0,10.0,10.0,10.0,979.0,3042.0,60.0,10.0,88.0,10.0,425.0,70.0,10.0,38.0,22.0,10.0,107.0,10.0,773.0,10.0,10.0,10.0,10.0,53.0,412.0,10.0,10.0,10.0,10.0,765.0,36.0,210.0,41.0,510.0,10.0,10.0,200.0,56.0,1309.0,406.0,5010.0,10.0,10.0,10.0,10.0,8346.0,59.0,10.0,375.0,10.0,416.0,10.0,10.0,10.0,10.0,10.0,39.0,10.0,10.0,10.0,10.0,10.0,18.0,10.0,252.0,70.0,234.0,10.0,277.0,82.0,10.0,10.0,10.0,10.0,10.0,10.0,10.0,10.0,10.0,187.0,10.0,100.0,42.0,20.0,10.0,63.0,5
182.0,286.0,263.0,929.0,100.0,57.0,10.0,6660.0,687.0,10.0,46.0,10.0,99.0,27.0,10.0,10.0,10.0,148.0,264.0,10.0,10.0,28.0,86.0,10.0,10.0,10.0,81.0,230.0,11.0,10.0,60.0,40.0,10.0,61.0,183.0,609.0,97.0,10.0,4790.0,10.0,10.0,216.0,668.0,44.0,444.0,44.0,10.0,48.0,10.0,200.0,133.0,57.0,962.0,338.0,38.0,93.0,10.0,10.0,10.0,10.0,10.0,23.0,10.0,10.0,58.0,101.0,10.0,10.0,29.0,10.0,25.0,530.0,15.0,55.0,452.0,23.0,10.0,10.0,107.0,10.0,95.0,10.0,10.0,10.0,10.0,30.0,179.0,102.0,217.0,10.0,10.0,522.0,10.0,13.0,111.0,10.0,498.0,10.0,47.0,10.0,13.0,422.0,10.0,94.0,19.0,84.0,132.0,10.0,12
10.0,133.0,10.0,10.0,10.0,10.0,10.0,79.0,293.0,10.0,10.0,34.0,16.0,10.0,32.0,133.0,10.0,10.0,10.0,74.0,312.0,10.0,197.0,10.0,44.0,10.0,10.0,70.0,10.0,10.0,18.0,10.0,1322.0,80.0,10.0,130.0,117.0,10.0,10.0,10.0,10.0,10.0,10.0,17.0,10.0,27.0,10.0,10.0,10.0,10.0,10.0,10.0,102.0,10.0,10.0,10.0,10.0,255.0,10.0,10.0,10.0,10.0,10.0,10.0,10.0,10.0,10.0,10.0,95.0,223.0,10.0,48.0,10.0,10.0,116.0,29.0,19.0,21.0,38.0,29.0,50.0,13.0,42.0,10.0,10.0,239.0,130.0,10.0,72.0,10.0,32.0,74.0,10.0,54.0,10.0,10.0,202.0,10.0,43.0,18.0,10.0,148.0,10.0,201.0,10.0,232.0,10.0,81.0,6
266.0,919.0,422.0,49.0,66.0,36.0,10.0,11799.0,10.0,26.0,65.0,10.0,10.0,10.0,10.0,10.0,108.0,10.0,297.0,10.0,82.0,10.0,55.0,63.0,187.0,10.0,95.0,189.0,35.0,21.0,10.0,10.0,10.0,80.0,135.0,10.0,1098.0,10.0,1915.0,989.0,10.0,271.0,10.0,17.0,134.0,55.0,89.0,10.0,10.0,10.0,10.0,10.0,10.0,10.0,10.0,35.0,10.0,10.0,13.0,10.0,10.0,86.0,239.0,10.0,10.0,133.0,10.0,10.0,10.0,10.0,212.0,276.0,10.0,10.0,67.0,15.0,10.0,10.0,10.0,83.0,10.0,10.0,10.0,10.0,51.0,95.0,10.0,2155.0,49.0,10.0,10.0,361.0,10.0,39.0,59.0,10.0,189.0,69.0,27.0,38.0,10.0,96.0,10.0,90.0,10.0,10.0,10.0,45.0,8
10.0,109.0,10.0,133.0,10.0,22.0,10.0,179.0,89.0,10.0,10.0,10.0,34.0,63.0,835.0,10.0,10.0,46.0,133.0,61.0,10.0,10.0,10.0,10.0,10.0,10.0,32.0,10.0,588.0,110.0,10.0,10.0,45.0,2472.0,10.0,10.0,10.0,25.0,10.0,10.0,16.0,18.0,244.0,10.0,10.0,52.0,10.0,20.0,10.0,25.0,145.0,10.0,10.0,12.0,28.0,10.0,58.0,82.0,10.0,10.0,44.0,23.0,19.0,10.0,10.0,38.0,10.0,10.0,10.0,67.0,339.0,10.0,10.0,10.0,36.0,47.0,229.0,20.0,10.0,53.0,10.0,37.0,10.0,10.0,25.0,134.0,10.0,70.0,96.0,10.0,357.0,194.0,10.0,10.0,10.0,10.0,10.0,32.0,259.0,10.0,10.0,46.0,10.0,136.0,10.0,73.0,10.0,10.0,11
10.0,10.0,138.0,10.0,10.0,42.0,11.0,87.0,22.0,10.0,23.0,10.0,10.0,15.0,10.0,10.0,10.0,27.0,10.0,10.0,10.0,10.0,10.0,10.0,10.0,19.0,10.0,10.0,28.0,10.0,10.0,10.0,10.0,10.0,10.0,10.0,53.0,28.0,10.0,10.0,13.0,10.0,10.0,10.0,10.0,66.0,10.0,10.0,10.0,10.0,10.0,10.0,146.0,10.0,10.0,10.0,21.0,10.0,10.0,17.0,17.0,33.0,10.0,10.0,29.0,10.0,28.0,10.0,10.0,10.0,10.0,10.0,36.0,10.0,29.0,25.0,10.0,10.0,10.0,40.0,10.0,10.0,10.0,20.0,62.0,10.0,10.0,10.0,10.0,74.0,12.0,10.0,10.0,10.0,10.0,10.0,10.0,10.0,66.0,10.0,12.0,10.0,11.0,20.0,10.0,10.0,10.0,10.0,1
10.0,10.0,28.0,259.0,56.0,50.0,10.0,10848.0,212.0,10.0,10.0,10.0,26.0,55.0,10.0,10.0,10.0,10.0,51.0,13.0,10.0,30.0,10.0,10.0,24.0,75.0,10.0,132.0,83.0,10.0,10.0,10.0,8806.0,38.0,10.0,10.0,94.0,10.0,133.0,10.0,10.0,10.0,1083.0,33.0,10.0,218.0,10.0,10.0,10.0,10.0,57.0,10.0,26.0,26.0,10.0,10.0,10.0,22.0,10.0,10.0,13.0,47.0,138.0,10.0,10.0,59.0,10.0,10.0,10.0,10.0,10.0,10.0,10.0,10.0,10.0,10.0,10.0,10.0,10.0,10.0,158.0,29.0,126.0,34.0,10.0,160.0,10.0,66.0,18.0,23.0,35.0,317.0,10.0,10.0,10.0,10.0,407.0,114.0,65.0,10.0,19.0,30.0,14.0,12.0,20.0,20.0,10.0,10.0,13
